timestamp,cpu_percent,memory_percent,num_processes,disk_read_bytes,disk_write_bytes,net_bytes_sent,net_bytes_recv
2025-07-31T16:20:02.751093,36.4,20.9,47,1762335744,2853576704,64737385,116399789
2025-07-31T16:20:07.782774,7.2,20.2,44,1762335744,2853687296,64754205,116416609
2026-03-19T18:21:10.849399,33.3,35.3,61,929314816,608821248,57307414,134804089
2026-03-19T18:21:15.876344,4.8,35.4,61,929343488,609005568,57521170,134868467
2026-03-19T18:21:20.892228,37.9,36.3,61,929622016,609271808,58301191,135191616
2026-03-19T18:21:24.997068,30.3,36.6,58,929728512,609411072,58621551,135415399
2026-03-19T18:21:30.003578,3.1,36.1,58,929728512,609591296,58980355,135761828
2026-03-19T18:21:35.007023,4.0,36.2,60,929728512,609669120,59186896,135805783
2026-03-19T18:21:40.011915,5.3,35.8,58,929728512,609824768,62169514,138788251
2026-03-19T18:21:45.020897,6.4,35.2,58,929728512,609882112,62204741,138816453
2026-03-19T18:21:50.024398,8.1,36.7,62,929728512,610021376,62924193,139368245
2026-03-19T18:21:54.089607,3.8,36.8,59,929728512,610058240,63157164,139441886
2026-03-19T18:21:59.095925,5.8,36.9,58,929728512,610152448,63489155,139586820
2026-03-19T18:22:04.101886,15.1,37.8,62,929728512,610312192,63711170,139668914
2026-03-19T18:22:09.107360,11.0,36.6,61,929736704,610516992,64124210,139882811
2026-03-19T18:22:14.112720,11.3,36.3,58,929736704,610775040,64924815,140325538
2026-03-19T18:22:19.121866,21.7,36.0,61,929736704,611262464,65340464,140533121
2026-03-19T18:22:24.141262,16.0,36.3,61,929736704,611352576,65860004,140646129
2026-03-19T18:22:28.213556,15.4,36.5,61,929736704,611672064,66157211,140913003
2026-03-19T18:22:33.220984,9.1,36.6,58,929736704,611905536,66568371,141129237
2026-03-19T18:22:38.229024,2.6,36.6,59,929736704,612012032,66833183,141215933
2026-03-19T18:22:43.235026,11.4,36.6,58,929736704,612192256,67421944,141499175
2026-03-19T18:22:48.241294,8.4,36.7,58,929736704,612388864,67800672,141748571
2026-03-19T18:22:53.247327,12.4,36.9,63,929736704,612540416,68151600,142012572
2026-03-19T18:22:57.306950,9.9,37.0,58,929736704,612679680,68712070,142192761
2026-03-19T18:23:02.323539,14.4,37.3,61,929736704,612995072,69414927,142499413
2026-03-19T18:23:07.331960,31.9,35.9,58,929736704,613175296,69490003,142567259
2026-03-19T18:23:12.338288,5.9,36.1,58,929736704,613646336,70062414,142745999
2026-03-19T18:23:17.344383,4.3,35.5,58,929736704,613736448,70125955,142777573
2026-03-19T18:23:22.352387,12.8,34.4,63,929773568,613814272,70438888,142889334
2026-03-19T18:23:27.358401,8.2,34.3,63,929773568,613814272,70656301,142986728
2026-03-19T18:23:31.368727,17.6,35.7,60,929773568,613855232,70751253,143073929
2026-03-19T18:23:36.376833,2.7,35.6,60,929773568,613892096,70795517,143115520
2026-03-19T18:23:41.384650,4.0,34.6,62,929810432,613920768,70917828,143233826
2026-03-19T18:23:46.390696,2.8,34.6,62,929814528,614072320,70947347,143263345
2026-03-19T18:23:51.397822,6.9,35.6,60,929814528,614109184,70984511,143301068
2026-03-19T18:23:56.404831,6.2,35.8,60,929814528,614232064,71496773,143417467
2026-03-19T18:24:00.514558,7.3,36.3,63,929814528,614260736,72121359,143583982
2026-03-19T18:24:05.524203,23.0,36.1,60,929814528,614588416,72566748,143801843
2026-03-19T18:24:10.528583,12.7,36.7,62,929814528,614637568,73041498,143927147
2026-03-19T18:24:15.533680,9.4,36.4,64,929814528,614662144,73077934,143955588
2026-03-19T18:24:20.539024,1.8,36.5,61,929814528,614789120,73099816,143974797
2026-03-19T18:24:25.543853,2.1,34.9,61,929814528,614862848,73132736,144005516
2026-03-19T18:24:30.553120,8.8,36.3,61,929814528,614883328,73404387,144076043
2026-03-19T18:24:34.592371,2.3,36.4,61,929814528,615079936,73436392,144095770
2026-03-19T18:24:39.600406,8.7,35.2,60,929814528,615190528,73550252,144199248
2026-03-19T18:24:44.605884,9.2,35.6,62,929814528,615215104,74062806,144345255
2026-03-19T18:24:49.616407,13.9,36.8,63,929814528,615239680,74096973,144376731
2026-03-19T18:24:54.621837,3.3,36.9,65,929814528,615260160,74231485,144508552
2026-03-19T18:24:59.626418,3.0,35.4,63,929814528,615280640,74289837,144562176
2026-03-19T18:25:03.576167,18.7,36.2,66,929814528,615464960,74315321,144585830
2026-03-19T18:25:08.585660,7.2,36.7,67,929814528,615559168,74400079,144666792
2026-03-19T18:25:13.591010,5.6,36.8,67,929814528,615690240,74984554,145137924
2026-03-19T18:25:18.613594,2.0,36.8,63,929814528,615714816,75041853,145174694
2026-03-19T18:25:23.620944,2.6,36.8,63,929814528,615743488,75137199,145208471
2026-03-19T18:25:28.626206,1.3,35.2,63,929814528,615759872,75142431,145213703
2026-03-19T18:25:33.630081,0.9,35.2,63,929814528,615968768,75145939,145217121
2026-03-19T18:25:37.621897,5.2,33.2,63,929814528,616001536,75149238,145220510
2026-03-19T18:25:42.633810,2.1,33.3,63,929814528,616042496,75174678,145243575
2026-03-19T18:25:47.648346,1.4,33.2,63,929814528,616103936,75193076,145261973
2026-03-19T18:25:52.654298,1.6,33.3,63,929814528,616124416,75211884,145280781
2026-03-19T18:25:57.659627,1.4,33.3,63,929814528,616140800,75215354,145284251
2026-03-19T18:26:02.670089,8.3,34.1,66,929814528,616226816,75237136,145307965
2026-03-19T18:26:06.804061,3.3,33.3,63,929814528,616497152,75245829,145313984
2026-03-19T18:26:11.809183,2.6,33.2,63,929814528,616513536,75259384,145324865
2026-03-19T18:26:16.819042,1.1,33.2,63,929814528,616542208,75266127,145328934
2026-03-19T18:26:21.826406,1.3,33.3,63,929814528,616620032,75279167,145343078
2026-03-19T18:26:26.830764,1.4,33.3,63,929814528,616636416,75283872,145347783
2026-03-19T18:26:31.838693,1.2,33.3,63,929814528,616656896,75288276,145352187
2026-03-19T18:26:35.826680,1.5,33.3,63,929814528,616685568,75299051,145364009
2026-03-19T18:26:40.832200,2.9,33.3,63,929814528,616714240,75324714,145387327
2026-03-19T18:26:45.837392,9.5,33.5,65,929814528,616996864,81418280,151449858
2026-03-19T18:26:50.842257,1.6,33.6,63,929814528,617148416,81436505,151468083
2026-03-19T18:26:55.847607,1.4,33.6,63,929814528,617291776,81454785,151486363
2026-03-19T18:27:00.851496,1.8,33.6,63,929814528,617312256,81486923,151514743
2026-03-19T18:27:05.854987,12.6,33.5,63,929814528,617463808,81496525,151524868
2026-03-19T18:27:09.888019,1.4,33.5,63,929814528,617525248,81508176,151529827
2026-03-19T18:27:14.892353,1.8,33.5,63,929814528,617558016,81524668,151543722
2026-03-19T18:27:19.896262,1.5,33.6,63,929814528,617586688,81548342,151567396
2026-03-19T18:27:24.902348,1.6,33.5,63,929814528,617607168,81570451,151586084
2026-03-19T18:27:29.906186,1.7,33.5,64,929814528,617684992,81598263,151613462
2026-03-19T18:27:34.914439,2.2,33.6,63,929814528,617861120,81640453,151655380
2026-03-19T18:27:39.047663,2.2,33.6,63,929814528,617938944,81659710,151675435
2026-03-19T18:27:44.074545,1.9,33.5,63,929814528,617975808,81678971,151694696
2026-03-19T18:27:49.080750,9.3,35.1,63,929814528,618004480,82748768,152545226
2026-03-19T18:27:54.087165,15.4,35.5,67,929814528,619196416,83099803,152673720
2026-03-19T18:27:59.091947,5.6,35.6,67,929945600,620433408,83421561,152763040
2026-03-19T18:28:04.095725,13.8,36.4,72,930220032,622247936,83495394,152807236
2026-03-19T18:28:09.100612,6.6,35.7,69,930551808,622469120,84149095,152946437
2026-03-19T18:28:13.141265,8.1,36.0,67,931346432,623214592,84512224,153130716
2026-03-19T18:28:18.155183,1.7,36.0,64,931346432,623345664,84546365,153148640
2026-03-19T18:28:23.164596,2.8,35.5,64,931346432,623378432,84687778,153171693
2026-03-19T18:28:28.172479,1.5,34.5,64,931346432,623419392,84697745,153181660
2026-03-19T18:28:33.175840,1.3,34.5,64,931346432,623448064,84707598,153191513
2026-03-19T18:28:38.182592,1.5,34.6,64,931346432,623484928,84718120,153202035
2026-03-19T18:28:42.128861,1.9,34.6,64,931346432,623521792,84728380,153212295
2026-03-19T18:28:47.143487,1.6,34.6,64,931346432,623644672,84738919,153222834
2026-03-19T18:28:52.160348,2.0,34.6,64,931346432,623685632,84752862,153238895
2026-03-19T18:28:57.169272,1.6,34.5,64,931346432,623722496,84762714,153248747
2026-03-19T18:29:02.174852,5.7,35.3,67,931346432,623783936,84775472,153259467
2026-03-19T18:29:07.183850,5.6,34.6,64,931346432,624066560,84789354,153273561
2026-03-19T18:29:12.187647,1.5,34.6,65,931346432,624287744,84800020,153284227
2026-03-19T18:29:16.043761,1.7,34.6,64,931346432,624422912,84816609,153301896
2026-03-19T18:29:21.051773,1.3,34.6,64,931346432,624492544,84820285,153306370
2026-03-19T18:29:26.058398,1.0,34.6,64,931346432,624517120,84827948,153310027
2026-03-19T18:29:31.062480,1.2,34.6,64,931346432,624558080,84837100,153313772
2026-03-19T18:29:36.066164,1.1,34.6,64,931346432,624574464,84844073,153318074
2026-03-19T18:29:41.073576,1.1,34.6,64,931346432,624594944,84862279,153330278
2026-03-19T18:29:45.193540,1.2,34.5,64,931346432,624619520,84868704,153334051
2026-03-19T18:29:50.204623,0.9,34.5,64,931346432,624717824,84872051,153337398
2026-03-19T18:29:55.212756,0.9,34.6,64,931346432,624742400,84875398,153340745
2026-03-19T18:30:00.219056,1.2,34.6,64,931346432,624766976,84885703,153352565
2026-03-19T18:30:05.223568,8.8,34.5,64,931346432,624996352,84892427,153359289
2026-03-19T18:30:10.236988,1.2,34.5,64,931346432,625053696,84895917,153362779
2026-03-19T18:30:15.247681,1.3,34.5,64,931346432,625082368,84899504,153366453
2026-03-19T18:30:19.281802,1.1,34.5,64,931346432,625111040,84902812,153369761
2026-03-19T18:30:24.290561,0.9,34.5,64,931346432,625135616,84906159,153373108
2026-03-19T18:30:29.297487,1.1,34.5,64,931346432,625152000,84909506,153376455
2026-03-19T18:30:34.300880,1.1,34.5,64,931346432,625172480,84913574,153380523
2026-03-19T18:30:39.307866,1.2,34.5,64,931346432,625352704,84916869,153383818
2026-03-19T18:30:44.323253,1.2,34.4,64,931346432,625377280,84920339,153387288
2026-03-19T18:30:48.323066,1.3,34.4,64,931346432,625410048,84930560,153399617
2026-03-19T18:30:53.328691,1.3,34.4,64,931346432,625438720,84934020,153403077
2026-03-19T18:30:58.334033,0.7,34.4,64,931346432,625455104,84937490,153406547
2026-03-19T18:31:03.343294,8.6,35.4,67,931346432,625524736,84945249,153412486
2026-03-19T18:31:08.350092,2.8,34.5,64,931346432,625815552,84953212,153417776
2026-03-19T18:31:13.356968,1.2,34.5,64,931346432,625844224,84956682,153421246
2026-03-19T18:31:17.390534,1.2,34.5,64,931346432,625860608,84967159,153433132
2026-03-19T18:31:22.404522,1.2,34.5,64,931346432,626003968,84970629,153436602
2026-03-19T18:31:27.413559,1.0,34.5,64,931346432,626024448,84974099,153440072
2026-03-19T18:31:32.446237,0.7,34.5,64,931346432,626040832,84977569,153443542
2026-03-19T18:31:37.451123,1.1,34.5,64,931346432,626057216,84981641,153447614
2026-03-19T18:31:42.454834,1.4,34.5,64,931346432,626073600,84985111,153451084
2026-03-19T18:31:47.462458,1.0,34.5,64,931346432,626089984,84988581,153454554
2026-03-19T18:31:51.428635,1.2,34.5,64,931346432,626106368,84995063,153458352
2026-03-19T18:31:56.435413,1.1,34.5,64,931346432,626155520,85001357,153461980
2026-03-19T18:32:01.441743,1.4,34.5,64,931346432,626171904,85010571,153465689
2026-03-19T18:32:06.449848,11.0,34.5,64,931346432,626319360,85027474,153481252
2026-03-19T18:32:11.453504,1.4,34.5,64,931346432,626380800,85030892,153484670
2026-03-19T18:32:16.459191,1.3,34.5,64,931346432,626397184,85034239,153488017
2026-03-19T18:32:20.451054,1.1,34.5,64,931346432,626413568,85037676,153491454
2026-03-19T18:32:25.460899,1.1,34.5,64,931346432,626589696,85041023,153494801
2026-03-19T18:32:30.469814,1.0,34.5,64,931346432,626610176,85044370,153498148
2026-03-19T18:32:35.474226,0.6,34.5,64,931346432,626675712,85048386,153502164
2026-03-19T18:32:40.485429,1.3,34.5,64,931346432,626700288,85051856,153505634
2026-03-19T18:32:45.490151,1.3,34.5,64,931346432,626716672,85058108,153509301
2026-03-19T18:32:50.496465,1.0,34.5,64,931346432,626733056,85064350,153512869
2026-03-19T18:32:54.368149,1.3,34.5,64,931346432,626749440,85070521,153516366
2026-03-19T18:32:59.377669,1.3,34.5,64,931346432,626778112,85082080,153528206
2026-03-19T18:33:04.381568,9.8,35.5,67,931346432,627085312,85088361,153535123
2026-03-19T18:33:09.387866,2.5,34.5,64,931346432,627126272,85093374,153540136
2026-03-19T18:33:14.392560,1.3,34.5,64,931346432,627359744,85096721,153543483
2026-03-19T18:33:19.395857,1.1,34.5,64,931346432,627384320,85100029,153546791
2026-03-19T18:33:23.510695,1.3,34.5,64,931346432,627400704,85103589,153550351
2026-03-19T18:33:28.517951,1.3,34.5,64,931346432,627433472,85111882,153560241
2026-03-19T18:33:33.527670,1.3,34.6,64,931346432,627449856,85116140,153564499
2026-03-19T18:33:38.534856,0.8,34.6,64,931346432,627466240,85119571,153567930
2026-03-19T18:33:43.549049,1.0,34.6,64,931346432,627482624,85123160,153571519
2026-03-19T18:33:48.562496,1.3,34.6,64,931346432,627499008,85126749,153575108
2026-03-19T18:33:53.573172,1.2,34.5,64,931346432,627539968,85133426,153579111
2026-03-19T18:33:57.565447,1.4,34.6,64,931346432,627621888,85137279,153582964
2026-03-19T18:34:02.572135,9.6,35.4,67,931346432,627785728,85149962,153596481
2026-03-19T18:34:07.576578,1.6,34.6,64,931346432,628039680,85154436,153601649
2026-03-19T18:34:12.585183,0.9,34.5,64,931346432,628113408,85158025,153605238
2026-03-19T18:34:17.592241,1.1,34.5,64,931346432,628137984,85164519,153609058
2026-03-19T18:34:22.597867,1.0,34.6,64,931346432,628162560,85173748,153612944
2026-03-19T18:34:26.600531,1.2,34.6,64,931346432,628178944,85183118,153616966
2026-03-19T18:34:31.604962,1.3,34.6,64,931346432,628269056,85198536,153629020
2026-03-19T18:34:36.609111,1.0,34.6,64,931346432,628310016,85205526,153633320
2026-03-19T18:34:41.628251,0.7,34.6,64,931346432,628334592,85209115,153636909
2026-03-19T18:34:46.632615,1.2,34.6,64,931346432,628359168,85212704,153640498
2026-03-19T18:34:51.638666,1.3,34.6,64,931346432,628383744,85223521,153652997
2026-03-19T18:34:56.648038,1.2,34.6,64,931346432,628408320,85227029,153656505
2026-03-19T18:35:00.657469,1.1,34.6,64,931346432,628494336,85230589,153660489
2026-03-19T18:35:05.671757,9.8,34.6,64,931346432,628813824,85237976,153668300
2026-03-19T18:35:10.676188,1.0,34.6,64,931346432,628883456,85241390,153671714
2026-03-19T18:35:15.684028,1.2,34.6,64,931346432,628899840,85244856,153675180
2026-03-19T18:35:20.697674,1.1,34.6,64,931346432,628916224,85248322,153678646
2026-03-19T18:35:25.704398,1.1,34.6,64,931346432,628932608,85251788,153682112
2026-03-19T18:35:29.675403,1.1,34.6,64,931346432,628948992,85255344,153685668
2026-03-19T18:35:34.685885,1.3,34.6,64,931346432,628981760,85259562,153689886
2026-03-19T18:35:39.689769,1.3,34.6,64,931346432,629157888,85266834,153699279
2026-03-19T18:35:44.698774,0.5,34.6,64,931346432,629174272,85270248,153702693
2026-03-19T18:35:49.707311,1.2,34.6,64,931346432,629202944,85273714,153706159
2026-03-19T18:35:54.715056,1.4,34.6,64,931346432,629227520,85281003,153710775
2026-03-19T18:35:58.670201,1.5,34.5,64,931346432,629661696,85287727,153714826
2026-03-19T18:36:03.674012,8.9,35.4,67,931346432,637329408,85294399,153721498
2026-03-19T18:36:08.678961,1.6,34.5,64,931346432,637394944,85305274,153733921
2026-03-19T18:36:13.683947,0.8,34.6,64,931346432,637435904,85308905,153737552
2026-03-19T18:36:18.687831,1.3,34.6,64,931346432,637452288,85312494,153741141
2026-03-19T18:36:23.692049,1.1,34.6,64,931346432,637558784,85316083,153744730
2026-03-19T18:36:28.696857,1.2,34.6,64,931346432,637579264,85319672,153748319
2026-03-19T18:36:32.700919,1.2,34.6,64,931346432,637632512,85323232,153751879
2026-03-19T18:36:37.706212,1.0,34.6,64,931346432,637665280,85327588,153756235
2026-03-19T18:36:42.711781,0.9,34.5,64,931346432,637702144,85334099,153760056
2026-03-19T18:36:47.720393,1.1,34.5,64,931346432,637726720,85340593,153763877
2026-03-19T18:36:52.725946,1.2,34.6,64,931346432,637751296,85351445,153768050
2026-03-19T18:36:57.732239,1.5,34.6,64,931346432,637775872,85363814,153780195
2026-03-19T18:37:01.712866,8.1,35.4,67,931346432,638287872,85368706,153785723
2026-03-19T18:37:06.716536,3.2,34.5,64,931346432,638443520,85374221,153791450
2026-03-19T18:37:11.722649,0.7,34.6,64,931346432,638459904,85378244,153795473
2026-03-19T18:37:16.729184,0.9,34.6,64,931346432,638476288,85381710,153798939
2026-03-19T18:37:21.733315,1.1,34.6,64,931346432,638492672,85385299,153803326
2026-03-19T18:37:26.737882,1.2,34.6,64,931346432,638509056,85388888,153806915
2026-03-19T18:37:31.745038,1.2,34.6,64,931346432,646123520,85392477,153810504
2026-03-19T18:37:35.715722,1.3,34.6,64,931346432,646180864,85399790,153815143
2026-03-19T18:37:40.719749,1.2,34.6,67,931346432,646230016,85406773,153819486
2026-03-19T18:37:45.728685,0.7,34.6,64,931346432,646246400,85413578,153823618
2026-03-19T18:37:50.733603,1.4,34.6,64,931346432,646262784,85424742,153836048
2026-03-19T18:37:55.741364,1.2,34.6,64,931346432,646356992,85428208,153839514
2026-03-19T18:38:00.745225,3.7,34.9,67,931346432,646397952,85431744,153842980
2026-03-19T18:38:04.734795,7.7,34.6,64,931346432,646774784,85438666,153849902
2026-03-19T18:38:09.740184,1.0,34.6,64,931346432,646774784,85442697,153853933
2026-03-19T18:38:14.748976,0.7,34.6,64,931346432,646791168,85446111,153857347
2026-03-19T18:38:19.756658,1.3,34.6,64,931346432,646807552,85449577,153860813
2026-03-19T18:38:24.762592,1.1,34.6,64,931346432,646823936,85453043,153864279
2026-03-19T18:38:29.767762,1.4,34.6,64,931346432,646844416,85456509,153867745
2026-03-19T18:38:34.775752,1.2,34.6,64,931346432,646926336,85460577,153871813
2026-03-19T18:38:38.697580,1.3,34.6,64,931346432,646946816,85463962,153875198
2026-03-19T18:38:43.701971,1.0,34.6,64,931346432,646975488,85470540,153879103
2026-03-19T18:38:48.706175,1.0,34.6,64,931346432,646991872,85474129,153882692
2026-03-19T18:38:53.714037,1.3,34.6,64,931346432,647008256,85484846,153894680
2026-03-19T18:38:58.720376,1.0,34.6,64,931346432,647036928,85488435,153898269
2026-03-19T18:39:03.723719,10.0,35.5,67,931346432,647159808,85494611,153905293
2026-03-19T18:39:07.692112,1.7,34.6,67,931346432,647217152,85499780,153910462
2026-03-19T18:39:12.696105,0.7,34.6,64,931346432,647368704,85503317,153913999
2026-03-19T18:39:17.700245,1.1,34.7,64,931346432,647385088,85507089,153917771
2026-03-19T18:39:22.712959,1.2,34.7,64,931346432,647401472,85511544,153922226
2026-03-19T18:39:27.718375,1.5,34.7,64,931346432,647421952,85606390,154025655
2026-03-19T18:39:32.726182,1.7,34.6,64,931346432,647438336,85622390,154043434
2026-03-19T18:39:37.731906,1.4,34.6,64,931346432,647458816,85635130,154063475
2026-03-19T18:39:41.646261,1.3,34.7,64,931346432,647520256,85639349,154067694
2026-03-19T18:39:46.653950,1.1,34.7,64,931346432,647548928,85643931,154072276
2026-03-19T18:39:51.658498,1.6,34.7,64,931346432,647565312,85654048,154088087
2026-03-19T18:39:56.662927,1.4,34.7,64,931346432,647593984,85662694,154098558
2026-03-19T18:40:01.667893,4.3,34.6,64,931346432,647610368,85667149,154103013
2026-03-19T18:40:06.673381,10.5,34.6,64,931346432,647757824,85674505,154110369
2026-03-19T18:40:10.615388,1.6,34.6,64,931346432,647901184,85678009,154113873
2026-03-19T18:40:15.619650,1.2,34.6,64,931346432,647995392,85681517,154117381
2026-03-19T18:40:20.624353,1.2,34.7,64,931346432,648015872,85684983,154120847
2026-03-19T18:40:25.628384,1.2,34.7,64,931346432,648040448,85688449,154124313
2026-03-19T18:40:30.632336,1.1,34.7,64,931346432,648073216,85695695,154133950
2026-03-19T18:40:35.640226,1.0,34.7,64,931346432,648093696,85699317,154137524
2026-03-19T18:40:39.667965,1.1,34.7,64,931346432,648110080,85702754,154140961
2026-03-19T18:40:44.678359,1.0,34.6,64,931346432,648175616,85706234,154144495
2026-03-19T18:40:49.688493,1.3,34.6,64,931346432,648224768,85709700,154147961
2026-03-19T18:40:54.695840,1.1,34.6,64,931346432,648257536,85713166,154151427
2026-03-19T18:40:59.704321,0.8,34.6,64,931346432,648273920,85717368,154155841
2026-03-19T18:41:04.709436,10.3,35.5,67,931346432,648396800,85724040,154163149
2026-03-19T18:41:09.714873,1.4,34.6,64,931346432,648454144,85727585,154166694
2026-03-19T18:41:13.705076,1.1,34.6,64,931346432,648470528,85731955,154171064
2026-03-19T18:41:18.713985,1.2,34.6,64,931346432,648503296,85735576,154174685
2026-03-19T18:41:23.719817,0.9,34.6,64,931346432,648658944,85740032,154179141
2026-03-19T18:41:28.731289,1.2,34.6,64,931346432,648687616,85743569,154182678
2026-03-19T18:41:33.740076,1.1,34.6,64,931346432,648704000,85747591,154186700
2026-03-19T18:41:38.752339,1.3,34.6,64,931346432,648724480,85752231,154191340
2026-03-19T18:41:42.758120,4.6,33.6,64,931346432,648740864,85755791,154194900
2026-03-19T18:41:47.762077,1.0,33.7,64,931346432,648769536,85759370,154198479
2026-03-19T18:41:52.778026,1.1,33.7,64,931346432,648798208,85763142,154202251
2026-03-19T18:41:57.789497,1.2,33.7,64,931346432,648839168,85767362,154206471
2026-03-19T18:42:02.798623,5.8,34.4,67,931346432,648859648,85771817,154210926
2026-03-19T18:42:07.807004,6.1,33.7,64,931346432,649019392,85779493,154218602
2026-03-19T18:42:12.814553,1.8,33.7,64,931346432,649076736,85783567,154222676
2026-03-19T18:42:16.732987,0.8,33.7,64,931346432,649187328,85788060,154227169
2026-03-19T18:42:21.738664,1.5,33.7,64,931346432,649228288,85791865,154230974
2026-03-19T18:42:26.745357,1.2,33.7,64,931346432,649244672,85795279,154234388
2026-03-19T18:42:31.749852,1.3,33.7,64,931346432,649314304,85798868,154237977
2026-03-19T18:42:36.754248,1.3,33.7,64,931346432,649342976,85803492,154242601
2026-03-19T18:42:41.760017,1.2,33.7,64,931346432,649379840,85808145,154247254
2026-03-19T18:42:45.696134,1.8,33.8,64,931346432,649494528,85812516,154251625
2026-03-19T18:42:50.699969,1.2,33.7,64,931346432,649523200,85816095,154255204
2026-03-19T18:42:55.705918,1.4,33.8,64,931346432,649539584,85819744,154258853
2026-03-19T18:43:00.710706,1.1,33.7,64,931346432,649555968,85824326,154263859
2026-03-19T18:43:05.715930,13.5,33.7,64,931346432,649748480,85832161,154272118
2026-03-19T18:43:10.720795,1.7,33.7,64,931346432,649777152,85836493,154276450
2026-03-19T18:43:15.726841,1.5,33.7,64,931346432,649777152,85840273,154280230
2026-03-19T18:43:19.639240,1.7,33.7,64,931346432,649895936,85844945,154284902
2026-03-19T18:43:24.670581,4.2,33.7,64,931346432,649945088,85849319,154289276
2026-03-19T18:43:29.680251,2.0,33.7,64,931346432,649961472,85853218,154293175
2026-03-19T18:43:34.709961,1.7,33.7,64,931346432,649981952,85858219,154298176
2026-03-19T18:43:39.716737,2.1,33.7,64,931346432,650067968,85861633,154301590
2026-03-19T18:43:44.722856,1.2,33.7,64,931346432,650088448,85865099,154305056
2026-03-19T18:43:48.708452,1.9,33.7,64,931346432,650117120,85868655,154308612
2026-03-19T18:43:53.717906,2.2,33.7,64,931346432,650149888,85872163,154312120
2026-03-19T18:43:58.722933,1.7,33.7,67,931346432,650166272,85876660,154316617
2026-03-19T18:44:03.727256,9.3,34.6,67,931346432,650207232,85881410,154321367
2026-03-19T18:44:08.734672,6.5,33.8,64,931346432,650346496,85886933,154326890
2026-03-19T18:44:13.742265,2.2,33.8,64,931346432,650571776,85890470,154330427
2026-03-19T18:44:18.747774,0.8,33.8,64,931346432,650612736,85894634,154334501
2026-03-19T18:44:22.734694,1.2,33.8,64,931346432,650698752,85898467,154338424
2026-03-19T18:44:27.742606,1.2,33.8,64,931346432,650723328,85902422,154342379
2026-03-19T18:44:32.753855,1.1,33.8,64,931346432,650752000,85907179,154347136
2026-03-19T18:44:37.761471,1.1,33.8,64,931346432,650776576,85912199,154352156
2026-03-19T18:44:42.768976,1.0,33.8,64,931346432,650801152,85916404,154356361
2026-03-19T18:44:47.780720,1.2,33.8,64,931346432,650903552,85921109,154361066
2026-03-19T18:44:51.752249,1.4,33.8,64,931346432,650928128,85925904,154365861
2026-03-19T18:44:56.758325,1.2,33.8,64,931346432,650960896,85929841,154369798
2026-03-19T18:45:01.769156,3.9,34.1,67,931346432,650977280,85933621,154374214
2026-03-19T18:45:06.780191,14.0,33.8,64,931346432,651132928,85944307,154385112
2026-03-19T18:45:11.791996,1.4,33.8,64,931346432,651194368,85948710,154389515
2026-03-19T18:45:16.800284,1.1,33.8,64,931346432,651210752,85952864,154393669
2026-03-19T18:45:20.818279,0.9,33.8,64,931346432,651460608,85960151,154403019
2026-03-19T18:45:25.823854,1.2,33.8,64,931346432,651497472,85963607,154406475
2026-03-19T18:45:30.835976,1.1,33.8,64,931346432,651513856,85967073,154409941
2026-03-19T18:45:35.839911,1.3,33.8,64,931346432,651534336,85971260,154414128
2026-03-19T18:45:40.854133,0.9,33.8,64,931346432,651550720,85975159,154418027
2026-03-19T18:45:45.862783,0.7,33.8,64,931346432,651579392,85979189,154422057
2026-03-19T18:45:50.868679,1.0,33.8,64,931346432,651595776,85983234,154426102
2026-03-19T18:45:54.797039,1.2,33.8,64,931346432,651694080,85987406,154430274
2026-03-19T18:45:59.800517,1.2,33.8,64,931346432,651739136,85991187,154434055
2026-03-19T18:46:04.808053,9.8,33.8,64,931346432,651862016,85997859,154440727
2026-03-19T18:46:09.813696,1.1,33.8,64,931346432,651919360,86001273,154444141
2026-03-19T18:46:14.825462,1.2,33.8,64,931346432,651935744,86004739,154447607
2026-03-19T18:46:19.834203,1.2,33.8,64,931346432,651952128,86008388,154451256
2026-03-19T18:46:23.749544,1.2,33.8,64,931346432,651968512,86012758,154455626
2026-03-19T18:46:28.754609,1.1,33.8,64,931346432,652058624,86016690,154459558
2026-03-19T18:46:33.759451,1.2,33.8,64,931346432,652193792,86020881,154463749
2026-03-19T18:46:38.765361,1.3,33.8,64,931346432,652247040,86024418,154467286
2026-03-19T18:46:43.770207,1.0,33.8,64,931346432,652275712,86028007,154470875
2026-03-19T18:46:48.779074,0.7,33.8,64,931346432,652292096,86032227,154475095
2026-03-19T18:46:53.784894,1.1,33.8,64,931346432,652308480,86036071,154478939
2026-03-19T18:46:57.746551,1.0,33.8,64,931346432,652324864,86039631,154482499
2026-03-19T18:47:02.752278,7.0,34.6,67,931346432,652382208,86043116,154486832
2026-03-19T18:47:07.757676,3.8,33.8,64,931346432,652529664,86050146,154493862
2026-03-19T18:47:12.761449,1.0,33.8,64,931346432,652759040,86054012,154497728
2026-03-19T18:47:17.770023,1.5,33.8,64,931346432,652775424,86058467,154502183
2026-03-19T18:47:22.775545,1.2,33.8,64,931346432,652791808,86063172,154506888
2026-03-19T18:47:27.779235,1.3,33.8,64,931346432,652808192,86067718,154511344
2026-03-19T18:47:32.787175,0.8,33.8,64,931346432,652828672,86071245,154514871
2026-03-19T18:47:37.801375,1.1,33.8,64,931346432,652886016,86075436,154519062
2026-03-19T18:47:41.282251,1.3,33.8,64,931346432,652918784,86078754,154522380
2026-03-19T18:47:46.290283,1.1,33.8,64,931346432,652955648,86082214,154525840
2026-03-19T18:47:51.295875,0.8,33.8,64,931346432,652972032,86085684,154529310
2026-03-19T18:47:56.301283,1.1,33.8,64,931346432,652988416,86089228,154532780
2026-03-19T18:48:01.310141,4.9,34.5,67,931346432,653029376,86092662,154536140
2026-03-19T18:48:06.316036,6.5,33.8,64,931346432,653312000,86099744,154543222
2026-03-19T18:48:11.322528,1.1,33.8,64,931346432,653332480,86104076,154547554
2026-03-19T18:48:15.344083,1.3,33.8,64,931346432,653365248,86108498,154551976
2026-03-19T18:48:20.352390,1.1,33.8,64,931346432,653443072,86113122,154556600
2026-03-19T18:48:25.358279,1.2,33.8,64,931346432,653459456,86117454,154560932
2026-03-19T18:48:30.363684,1.4,33.8,64,931346432,653475840,86122036,154565514
2026-03-19T18:48:35.371219,0.8,33.8,64,931346432,653508608,86126735,154570213
2026-03-19T18:48:40.379244,1.5,33.8,64,931346432,653524992,86131015,154574493
2026-03-19T18:48:44.309267,1.2,33.8,64,931346432,653635584,86135635,154579113
2026-03-19T18:48:49.314104,1.5,33.8,64,931346432,653651968,86139957,154583435
2026-03-19T18:48:54.326598,0.9,33.8,64,931346432,653692928,86143737,154587215
2026-03-19T18:48:59.333361,1.3,33.8,64,931346432,653709312,86147458,154590936
2026-03-19T18:49:04.337648,10.5,33.7,64,931346432,653877248,86154063,154598389
2026-03-19T18:49:09.345751,1.2,33.7,64,931346432,653905920,86157358,154601684
2026-03-19T18:49:14.350148,0.9,33.6,64,931346432,653922304,86160918,154605154
2026-03-19T18:49:18.361322,1.6,33.6,64,931346432,653955072,86164613,154608939
2026-03-19T18:49:23.365024,1.9,33.5,64,931346432,653971456,86169266,154613592
2026-03-19T18:49:28.373503,1.1,33.5,64,931346432,654041088,86173669,154617995
2026-03-19T18:49:33.383241,1.4,33.3,64,931346432,654204928,86177822,154622148
2026-03-19T18:49:38.392334,1.2,33.3,64,931346432,654221312,86182462,154626788
2026-03-19T18:49:43.397621,2.6,33.2,64,931346432,654237696,86185932,154630258
2026-03-19T18:49:47.218751,1.0,33.2,64,931346432,654270464,86189925,154634251
2026-03-19T18:49:52.226147,1.0,33.2,64,931346432,654270464,86194370,154638696
2026-03-19T18:49:57.230413,1.2,33.2,64,931346432,654286848,86198773,154643099
2026-03-19T18:50:02.234790,3.6,33.5,67,931346432,654331904,86203176,154647502
2026-03-19T18:50:07.241138,8.8,33.2,64,931346432,654479360,86210598,154654924
2026-03-19T18:50:12.248609,1.1,33.2,64,931346432,654536704,86215383,154659635
2026-03-19T18:50:16.249567,1.0,33.2,64,931346432,654663680,86222533,154668904
2026-03-19T18:50:21.256910,1.0,33.3,64,931346432,654700544,86226186,154672557
2026-03-19T18:50:26.268991,1.0,33.3,64,931346432,654716928,86230479,154676850
2026-03-19T18:50:31.273021,0.8,33.3,64,931346432,654737408,86235132,154681503
2026-03-19T18:50:36.279115,0.9,33.3,64,931346432,654819328,86239413,154685784
2026-03-19T18:50:41.286670,1.2,33.3,64,931346432,654848000,86242831,154689202
2026-03-19T18:50:46.290982,1.2,33.3,64,931346432,654864384,86246178,154692549
2026-03-19T18:50:50.240680,1.3,33.3,67,931346432,654934016,86249615,154695986
2026-03-19T18:50:55.244104,0.7,33.2,64,931346432,654966784,86253046,154699417
2026-03-19T18:51:00.251939,1.1,33.3,64,931346432,654983168,86257430,154704013
2026-03-19T18:51:05.269160,10.5,33.2,64,931346432,655110144,86265035,154712254
2026-03-19T18:51:10.277185,1.3,33.3,64,931346432,655192064,86269117,154716336
2026-03-19T18:51:15.281585,0.6,33.2,64,931346432,655208448,86272715,154719934
2026-03-19T18:51:19.265350,1.3,33.2,64,931346432,655224832,86276033,154723252
2026-03-19T18:51:24.273637,1.4,33.2,64,931346432,655372288,86279813,154727032
2026-03-19T18:51:29.278545,1.1,33.2,64,931346432,655388672,86283661,154730880
2026-03-19T18:51:34.291077,0.7,33.1,64,931346432,655417344,86287610,154734829
2026-03-19T18:51:39.299708,1.3,33.1,64,931346432,655499264,86290905,154738124
2026-03-19T18:51:44.307924,1.4,33.1,64,931346432,655519744,86295110,154742329
2026-03-19T18:51:49.314963,1.0,33.1,64,931346432,655536128,86299013,154746232
2026-03-19T18:51:53.154926,0.9,33.2,64,931346432,655552512,86303506,154750725
2026-03-19T18:51:58.160959,1.0,33.2,64,931346432,655585280,86307993,154755212
2026-03-19T18:52:03.171831,6.3,34.0,67,931346432,655671296,86312146,154759365
2026-03-19T18:52:08.179436,5.1,33.2,64,931346432,655872000,86319502,154766721
2026-03-19T18:52:13.184011,1.0,33.2,64,931346432,656084992,86322920,154770139
2026-03-19T18:52:18.201310,0.9,33.2,64,931346432,656142336,86326573,154773792
2026-03-19T18:52:22.118443,1.0,33.2,64,931346432,656166912,86331368,154778587
2026-03-19T18:52:27.123819,1.4,33.2,64,931346432,656310272,86335771,154782990
2026-03-19T18:52:32.131952,1.2,33.2,64,931346432,656420864,86340476,154787695
2026-03-19T18:52:37.148678,0.8,33.2,64,931346432,656465920,86345850,154793069
2026-03-19T18:52:42.154154,1.1,33.2,64,931346432,656486400,86349820,154797039
2026-03-19T18:52:47.169226,1.1,33.2,64,931346432,656502784,86354350,154801569
2026-03-19T18:52:52.178481,1.3,33.2,64,931346432,656519168,86358321,154805540
2026-03-19T18:52:57.183441,0.7,33.3,64,931346432,656535552,86361881,154809010
2026-03-19T18:53:02.188569,7.0,34.1,67,931346432,656576512,86365695,154813460
2026-03-19T18:53:07.195245,4.5,33.2,64,931346432,656748544,86373229,154821206
2026-03-19T18:53:10.815594,1.8,33.2,64,931346432,656838656,86377163,154825140
2026-03-19T18:53:15.825450,1.2,33.2,64,931346432,656859136,86380552,154828529
2026-03-19T18:53:20.834940,1.0,33.2,64,931346432,656875520,86383899,154831876
2026-03-19T18:53:25.854751,1.2,33.2,64,931346432,656904192,86387679,154835656
2026-03-19T18:53:30.863399,1.0,33.2,64,931346432,657047552,86391761,154839738
2026-03-19T18:53:35.871981,1.4,33.2,64,931346432,657096704,86396512,154844489
2026-03-19T18:53:40.879799,0.9,33.2,64,931346432,657113088,86400926,154848813
2026-03-19T18:53:45.883685,1.0,33.2,64,931346432,657133568,86404800,154852687
2026-03-19T18:53:50.891966,1.2,33.2,64,931346432,657154048,86408976,154856863
2026-03-19T18:53:54.593264,1.2,33.2,64,931346432,657190912,86413648,154861535
2026-03-19T18:53:59.599923,0.7,33.2,64,931346432,657272832,86418170,154865909
2026-03-19T18:54:04.604905,10.0,34.1,67,931346432,657547264,86424361,154872100
2026-03-19T18:54:09.612604,2.0,33.2,64,931346432,657678336,86427912,154875651
2026-03-19T18:54:14.624514,1.2,33.2,64,931346432,657694720,86431744,154879483
2026-03-19T18:54:19.629710,1.1,33.3,64,931346432,657711104,86436326,154884065
2026-03-19T18:54:24.635574,0.9,33.3,64,931346432,657739776,86440600,154888043
2026-03-19T18:54:28.549864,1.0,33.3,64,931346432,657772544,86445083,154892526
2026-03-19T18:54:33.575041,1.0,33.3,64,931346432,657788928,86450155,154897598
2026-03-19T18:54:38.599079,1.0,33.3,64,931346432,657862656,86454808,154902251
2026-03-19T18:54:43.604314,0.8,33.3,64,931346432,657883136,86459028,154906471
2026-03-19T18:54:48.611199,0.9,33.3,64,931346432,657981440,86463233,154910676
2026-03-19T18:54:53.616208,1.2,33.3,64,931346432,658006016,86467688,154915131
2026-03-19T18:54:57.359287,1.1,33.3,64,931346432,658063360,86471983,154919426
2026-03-19T18:55:02.362581,4.6,33.9,67,931346432,658178048,86477102,154925319
2026-03-19T18:55:07.367247,6.0,33.3,64,931346432,658530304,86488209,154938549
2026-03-19T18:55:12.378827,1.2,33.3,64,931346432,658546688,86492664,154943004
2026-03-19T18:55:17.382866,1.1,33.3,64,931346432,658681856,86497067,154947407
2026-03-19T18:55:22.386686,1.2,33.3,67,931346432,658710528,86501720,154952060
2026-03-19T18:55:26.194773,0.7,33.3,64,931346432,658726912,86506194,154956534
2026-03-19T18:55:31.198539,1.2,33.3,64,931346432,658759680,86510080,154960420
2026-03-19T18:55:36.203802,0.8,33.3,64,931346432,658776064,86514271,154964611
2026-03-19T18:55:41.208252,0.9,33.3,64,931346432,658792448,86518976,154969316
2026-03-19T18:55:46.211878,0.7,33.3,64,931346432,658808832,86523204,154973544
2026-03-19T18:55:51.221359,1.1,33.4,64,931346432,658829312,86526984,154977324
2026-03-19T18:55:56.228408,1.0,33.3,64,931346432,658919424,86531317,154981657
2026-03-19T18:56:00.156028,1.1,33.4,64,931346432,658952192,86534702,154985042
2026-03-19T18:56:05.160218,10.8,34.2,67,931346432,659087360,86541641,154991981
2026-03-19T18:56:10.167363,1.2,33.3,64,931346432,659152896,86546223,154996563
2026-03-19T18:56:15.186660,1.1,33.3,64,931346432,659177472,86550556,155000896
2026-03-19T18:56:20.205910,1.3,33.4,64,931346432,659193856,86553747,155004087
2026-03-19T18:56:25.210087,0.8,33.4,67,931346432,659288064,86557094,155007434
2026-03-19T18:56:29.186776,1.1,33.4,64,931346432,659423232,86560964,155011304
2026-03-19T18:56:34.191723,1.0,33.3,64,931346432,659468288,86566007,155016347
2026-03-19T18:56:39.199765,1.0,33.3,64,931346432,659484672,86569605,155019945
2026-03-19T18:56:44.204085,1.2,33.3,64,931346432,659570688,86572952,155023292
2026-03-19T18:56:49.209398,0.7,33.3,64,931346432,659587072,86577157,155027497
2026-03-19T18:56:54.245305,1.0,33.3,64,931346432,659603456,86581560,155031900
2026-03-19T18:56:59.266344,1.0,33.3,64,931346432,659619840,86586213,155036553
2026-03-19T18:57:03.052813,10.7,33.2,64,931346432,660238336,86593414,155044602
2026-03-19T18:57:08.079505,0.6,33.2,64,931346432,660307968,86598439,155049627
2026-03-19T18:57:13.098128,1.2,33.3,64,931346432,660324352,86602894,155054082
2026-03-19T18:57:18.103269,1.2,33.3,64,931346432,668041216,86606995,155058183
2026-03-19T18:57:23.110975,1.2,33.3,64,931346432,668069888,86611502,155062690
2026-03-19T18:57:28.134449,0.8,33.3,64,931346432,668086272,86615723,155066911
2026-03-19T18:57:31.949628,1.0,33.4,64,931346432,668200960,86619164,155070352
2026-03-19T18:57:36.956412,1.2,33.3,64,931346432,668250112,86623345,155074533
2026-03-19T18:57:41.963793,7.5,33.4,64,931346432,668311552,86665653,155118361
2026-03-19T18:57:46.972791,2.3,33.4,64,931346432,668332032,86677373,155130359
2026-03-19T18:57:51.983052,1.4,33.4,64,931346432,668422144,86681293,155134279
2026-03-19T18:57:56.989122,1.4,33.4,64,931346432,668438528,86689505,155142491
2026-03-19T18:58:01.993263,5.9,34.2,67,931346432,668545024,86693960,155146946
2026-03-19T18:58:05.657192,5.3,33.4,64,931346432,669106176,86700237,155153223
2026-03-19T18:58:10.665410,1.3,33.4,64,931346432,669155328,86712028,155165538
2026-03-19T18:58:15.671621,1.1,33.4,64,931346432,669184000,86716000,155169510
2026-03-19T18:58:20.681514,0.6,33.4,64,931346432,669212672,86719598,155173108
2026-03-19T18:58:25.690387,1.1,33.4,64,931346432,669384704,86722945,155176455
2026-03-19T18:58:30.695800,1.2,33.4,64,931346432,669413376,86726063,155179573
2026-03-19T18:58:34.653722,1.2,33.4,64,931346432,676929536,86730059,155183569
2026-03-19T18:58:39.661562,0.7,33.4,64,931346432,676982784,86733275,155186785
2026-03-19T18:58:44.675974,1.0,33.4,64,931346432,676999168,86736393,155189903
2026-03-19T18:58:49.684490,1.1,33.4,64,931346432,677015552,86739494,155193004
2026-03-19T18:58:54.692947,1.0,33.4,64,931346432,677036032,86742595,155196105
2026-03-19T18:58:59.698082,0.7,33.4,64,931346432,677101568,86745696,155199206
2026-03-19T18:59:04.706407,9.8,33.5,64,931346432,677253120,86749649,155204007
2026-03-19T18:59:08.517627,1.1,33.5,64,931346432,677322752,86750247,155204605
2026-03-19T18:59:13.525620,1.0,33.4,64,931346432,677339136,86750797,155205155
2026-03-19T18:59:18.530246,0.7,33.5,67,931346432,677367808,86751305,155205663
2026-03-19T18:59:23.536743,1.1,33.4,64,931346432,677384192,86751813,155206171
2026-03-19T18:59:28.541657,1.0,33.5,64,931346432,677421056,86752321,155206679
2026-03-19T18:59:33.545347,1.0,33.5,64,931346432,677437440,86752829,155207187
2026-03-19T18:59:37.420845,1.1,33.5,67,931346432,677658624,86757207,155213559
2026-03-19T18:59:42.442536,0.7,33.5,64,931346432,677695488,86757823,155214175
2026-03-19T18:59:47.446443,0.9,33.5,64,931346432,677711872,86758331,155214737
2026-03-19T18:59:52.451513,0.8,33.5,64,931346432,677728256,86758839,155215245
2026-03-19T18:59:57.454862,1.1,33.5,64,931346432,677744640,86759347,155215753
2026-03-19T19:00:02.464065,4.6,34.1,67,931346432,677765120,86767134,155223540
2026-03-19T19:00:07.468438,6.2,33.5,64,931346432,677933056,86768720,155225126
2026-03-19T19:00:11.323531,1.2,33.4,64,931346432,678080512,86769318,155225724
2026-03-19T19:00:16.331070,1.0,33.4,64,931346432,678109184,86769868,155226274
2026-03-19T19:00:21.344378,0.7,33.4,64,931346432,678125568,86770376,155226782
2026-03-19T19:00:26.350966,1.4,33.4,64,931346432,678141952,86770884,155227290
2026-03-19T19:00:31.355690,1.2,33.4,64,931346432,678158336,86771392,155227798
2026-03-19T19:00:36.365429,1.0,33.4,64,931346432,678187008,86771900,155228306
2026-03-19T19:00:40.198371,0.6,33.4,64,931346432,678215680,86772498,155228904
2026-03-19T19:00:45.202886,0.9,33.4,64,931346432,678289408,86773090,155229496
2026-03-19T19:00:50.210532,1.6,33.4,64,931346432,678305792,86773598,155230339
2026-03-19T19:00:55.219586,1.1,33.4,64,931346432,678322176,86774106,155236070
2026-03-19T19:01:00.227969,0.9,33.4,64,931346432,678338560,86783261,155246412
2026-03-19T19:01:05.237425,10.0,33.4,64,931346432,678502400,86786423,155251406
2026-03-19T19:01:09.075755,1.0,33.4,64,931346432,678563840,86787021,155252004
2026-03-19T19:01:14.080673,1.1,33.4,64,931346432,678600704,86787571,155252554
2026-03-19T19:01:19.087553,0.5,33.4,64,931346432,678666240,86788079,155253314
2026-03-19T19:01:24.103846,0.9,33.4,64,931346432,678682624,86788587,155253822
2026-03-19T19:01:29.113545,1.1,33.4,64,931346432,678699008,86789095,155254330
2026-03-19T19:01:34.121474,1.1,33.4,64,931346432,678805504,86789603,155254838
2026-03-19T19:01:39.125641,0.7,33.4,64,931346432,678821888,86790111,155255346
2026-03-19T19:01:42.989545,1.5,33.4,64,931346432,678854656,86790709,155255944
2026-03-19T19:01:47.998437,1.2,33.4,64,931346432,678871040,86791301,155256536
2026-03-19T19:01:53.008093,1.1,33.4,64,931346432,678903808,86791809,155257044
2026-03-19T19:01:58.015549,0.6,33.5,64,931346432,678920192,86792317,155257552
2026-03-19T19:02:03.019096,6.5,34.2,67,931346432,678936576,86801822,155267057
2026-03-19T19:02:08.024372,5.6,33.5,64,931346432,679247872,86803408,155268643
2026-03-19T19:02:11.865645,1.2,33.4,64,931346432,679276544,86804006,155269241
2026-03-19T19:02:16.869817,0.9,33.5,64,931346432,679358464,86804556,155269791
2026-03-19T19:02:21.879244,0.8,33.5,64,931346432,679374848,86805064,155270299
2026-03-19T19:02:26.886076,1.1,33.4,64,931346432,679444480,86805720,155270807
2026-03-19T19:02:31.895544,0.9,33.5,64,931346432,679460864,86806228,155271315
2026-03-19T19:02:36.913267,1.1,33.5,64,931346432,679505920,86806736,155271823
2026-03-19T19:02:41.917921,0.8,33.5,64,931346432,679522304,86807244,155272331
2026-03-19T19:02:45.742390,1.2,33.5,64,931346432,679550976,86807842,155272929
2026-03-19T19:02:50.762910,1.2,33.5,64,931346432,679571456,86808434,155273521
2026-03-19T19:02:55.769897,0.7,33.5,65,931346432,679587840,86808942,155274877
2026-03-19T19:03:00.776766,1.2,33.5,64,931346432,679632896,86818191,155284126
2026-03-19T19:03:05.798246,9.9,33.5,64,931346432,679804928,86821622,155287557
2026-03-19T19:03:10.803867,1.2,33.5,64,931346432,679821312,86822130,155288065
2026-03-19T19:03:14.616248,1.1,33.5,64,931346432,679948288,86822728,155288663
2026-03-19T19:03:19.623226,1.0,33.5,64,931346432,679964672,86823236,155289171
2026-03-19T19:03:24.629870,1.0,33.5,64,931346432,680001536,86823744,155289679
2026-03-19T19:03:29.649794,0.9,33.5,64,931346432,680017920,86824252,155290187
2026-03-19T19:03:34.655926,0.9,33.5,67,931346432,680108032,86824760,155290695
2026-03-19T19:03:39.667160,0.8,33.5,64,931346432,680124416,86825268,155291203
2026-03-19T19:03:44.675506,1.0,33.5,64,931346432,680140800,86825776,155291711
2026-03-19T19:03:48.548170,1.2,33.5,64,931346432,680214528,86826374,155292939
2026-03-19T19:03:53.554538,1.0,33.5,64,931346432,680230912,86826966,155298542
2026-03-19T19:03:58.558318,0.6,33.5,64,931346432,680235008,86827474,155300978
2026-03-19T19:04:03.564152,7.1,34.4,67,931346432,680275968,86838228,155312740
2026-03-19T19:04:08.571606,3.9,33.5,64,931346432,680431616,86839545,155314309
2026-03-19T19:04:13.577309,1.3,33.5,64,931346432,680497152,86840053,155314817
2026-03-19T19:04:18.582190,0.7,33.5,64,931346432,680513536,86840651,155315325
2026-03-19T19:04:23.600144,1.0,33.6,64,931346432,680529920,86841159,155318575
2026-03-19T19:04:28.607888,1.5,33.6,64,931346432,680546304,86845381,155328777
2026-03-19T19:04:31.943487,1.2,33.5,64,931346432,680566784,86846021,155331240
2026-03-19T19:04:36.963676,0.6,33.5,64,931346432,680697856,86846529,155331840
2026-03-19T19:04:41.981145,1.1,33.5,64,931346432,680771584,86847037,155332348
2026-03-19T19:04:46.986401,1.2,33.5,64,931346432,680787968,86847545,155333108
2026-03-19T19:04:51.991822,1.1,33.6,64,931346432,680804352,86848053,155333616
2026-03-19T19:04:57.002512,0.6,33.5,64,931346432,680820736,86848561,155334124
2026-03-19T19:05:02.015667,8.0,34.4,67,931346432,680861696,86857791,155343354
2026-03-19T19:05:05.941744,4.4,33.5,64,931346432,681021440,86860644,155346207
2026-03-19T19:05:10.953630,1.0,33.5,64,931346432,681082880,86861194,155346757
2026-03-19T19:05:15.977380,0.7,33.5,64,931346432,681160704,86861702,155347265
2026-03-19T19:05:20.983679,1.1,33.5,64,931346432,681177088,86862210,155349940
2026-03-19T19:05:25.988281,1.2,33.5,64,931346432,681193472,86862718,155354391
2026-03-19T19:05:30.999161,1.0,33.5,64,931346432,681209856,86863226,155356086
2026-03-19T19:05:34.872171,0.5,33.5,64,931346432,681402368,86863824,155358516
2026-03-19T19:05:39.881511,1.2,33.5,64,931346432,681455616,86864374,155359066
2026-03-19T19:05:44.888295,0.9,33.5,64,931346432,681472000,86864882,155359826
2026-03-19T19:05:49.893675,1.2,33.5,64,931346432,681525248,86865390,155360334
2026-03-19T19:05:54.904396,0.6,33.5,64,931346432,681541632,86865898,155360842
2026-03-19T19:05:59.912635,1.2,33.5,64,931346432,681558016,86875564,155370508
2026-03-19T19:06:03.777433,10.2,33.5,64,931346432,681693184,86878816,155373760
2026-03-19T19:06:08.783549,0.9,33.5,64,931346432,681861120,86879366,155374310
2026-03-19T19:06:13.789697,0.7,33.6,64,931346432,681889792,86879874,155374818
2026-03-19T19:06:18.805896,0.7,33.5,64,931346432,681906176,86880382,155375326
2026-03-19T19:06:23.821825,1.1,33.5,64,931346432,681979904,86880890,155375834
2026-03-19T19:06:28.825564,1.1,33.5,64,931346432,681996288,86881398,155379296
2026-03-19T19:06:33.829585,0.6,33.5,64,931346432,682024960,86881906,155383595
2026-03-19T19:06:37.697817,0.9,33.5,64,931346432,682057728,86882504,155386025
2026-03-19T19:06:42.702260,1.0,33.5,64,931346432,682090496,86883054,155386575
2026-03-19T19:06:47.708387,0.9,33.5,64,931346432,682110976,86883562,155387335
2026-03-19T19:06:52.713489,0.8,33.5,67,931346432,682127360,86884070,155387843
2026-03-19T19:06:57.719623,0.9,33.5,64,931346432,682262528,86884578,155388351
2026-03-19T19:07:02.724615,8.6,34.4,67,931346432,682385408,86894784,155398557
2026-03-19T19:07:06.545618,2.3,33.5,64,931346432,682569728,86895652,155399425
2026-03-19T19:07:11.550337,0.8,33.5,65,931346432,682602496,86896202,155399975
2026-03-19T19:07:16.554812,0.8,33.5,64,931346432,682618880,86896710,155400483
2026-03-19T19:07:21.559515,1.3,33.5,64,931346432,682639360,86897218,155400991
2026-03-19T19:07:26.564133,1.1,33.5,64,931346432,682704896,86897726,155401499
2026-03-19T19:07:31.569710,1.2,33.5,67,931346432,682725376,86898234,155402007
2026-03-19T19:07:36.573361,0.7,33.5,64,931346432,682741760,86898742,155402515
2026-03-19T19:07:40.425334,1.1,33.5,64,931346432,682827776,86899340,155403113
2026-03-19T19:07:45.431461,1.0,33.5,64,931346432,682844160,86899890,155403663
2026-03-19T19:07:50.435831,1.3,33.5,64,931346432,682860544,86900398,155404171
2026-03-19T19:07:55.459705,1.1,33.5,64,931346432,682909696,86900906,155404679
2026-03-19T19:08:00.481357,1.4,33.5,64,931346432,682958848,86908777,155412550
2026-03-19T19:08:05.486993,10.3,33.5,64,931346432,683126784,86911939,155415712
2026-03-19T19:08:09.361365,0.7,33.5,67,931346432,683171840,86912537,155416310
2026-03-19T19:08:14.368118,1.1,33.5,64,931346432,683188224,86913087,155417658
2026-03-19T19:08:19.371732,1.1,33.5,64,931346432,683204608,86913595,155418166
2026-03-19T19:08:24.379977,1.3,33.5,64,931346432,683347968,86914103,155418674
2026-03-19T19:08:29.386921,1.2,33.5,64,931346432,683368448,86976124,155494648
2026-03-19T19:08:34.394239,1.4,33.5,64,931346432,683450368,86984022,155506700
2026-03-19T19:08:39.402838,1.0,33.5,64,931346432,683466752,86984638,155507316
2026-03-19T19:08:43.269299,1.3,33.6,64,931346432,683495424,86985236,155507914
2026-03-19T19:08:48.281033,0.6,33.6,64,931346432,683511808,86985892,155508422
2026-03-19T19:08:53.288745,1.7,33.6,64,931346432,683540480,86996514,155525408
2026-03-19T19:08:58.295487,1.2,33.6,64,931346432,683556864,86997130,155526024
2026-03-19T19:09:03.303257,7.6,34.5,67,931346432,683626496,87051897,155580791
2026-03-19T19:09:08.314138,3.5,33.6,64,931346432,683778048,87053214,155582108
2026-03-19T19:09:12.142171,1.3,33.6,64,931346432,683933696,87053812,155582706
2026-03-19T19:09:17.153088,1.4,33.6,64,931346432,683950080,87058076,155589032
2026-03-19T19:09:22.159108,1.1,33.6,64,931346432,683970560,87058584,155589540
2026-03-19T19:09:27.170140,0.6,33.6,64,931346432,683986944,87059092,155590048
2026-03-19T19:09:32.180375,1.0,33.6,64,931346432,684007424,87059600,155590556
2026-03-19T19:09:37.183843,1.2,33.6,64,931346432,684027904,87060108,155591064
2026-03-19T19:09:42.194506,0.9,33.6,64,931346432,684085248,87060616,155591572
2026-03-19T19:09:45.989561,0.7,33.6,64,931346432,684101632,87061214,155592170
2026-03-19T19:09:50.995782,1.3,33.7,64,931346432,684130304,87061722,155592678
2026-03-19T19:09:56.002852,1.1,33.7,64,931346432,684158976,87062230,155593186
2026-03-19T19:10:01.007338,1.1,33.7,64,931346432,684175360,87071447,155602738
2026-03-19T19:10:06.018115,10.5,33.7,64,931346432,684322816,87074609,155610019
2026-03-19T19:10:11.027501,1.2,33.6,64,931346432,684392448,87075117,155612818
2026-03-19T19:10:14.926949,1.3,33.6,64,931346432,684556288,87075715,155615248
2026-03-19T19:10:19.930875,0.9,33.7,67,931346432,684593152,87076307,155615840
2026-03-19T19:10:24.935328,0.6,33.7,64,931346432,684609536,87076815,155616600
2026-03-19T19:10:29.939098,1.1,33.7,64,931346432,684625920,87077323,155617108
2026-03-19T19:10:34.947729,1.1,33.7,64,931346432,684646400,87077831,155617616
2026-03-19T19:10:39.952610,0.7,33.7,67,931346432,684662784,87078339,155618124
2026-03-19T19:10:43.819217,1.1,33.7,64,931346432,684683264,87078937,155618722
2026-03-19T19:10:48.826854,1.0,33.7,64,931346432,684720128,87079445,155619230
2026-03-19T19:10:53.836453,1.2,33.7,64,931346432,684748800,87079953,155619738
2026-03-19T19:10:58.841283,0.7,33.7,64,931346432,684765184,87080461,155620246
2026-03-19T19:11:03.844938,7.8,34.5,67,931346432,684834816,87089645,155629430
2026-03-19T19:11:08.857590,3.2,33.6,64,931346432,684949504,87090690,155630475
2026-03-19T19:11:13.863142,0.9,33.6,64,931346432,685084672,87091198,155630983
2026-03-19T19:11:17.688860,0.9,33.6,64,931346432,685121536,87091796,155631581
2026-03-19T19:11:22.693408,1.1,33.6,64,931346432,685236224,87092388,155632173
2026-03-19T19:11:27.700420,1.0,33.6,64,931346432,685252608,87092896,155632681
2026-03-19T19:11:32.707096,1.0,33.6,64,931346432,685273088,87093404,155633189
2026-03-19T19:11:37.710686,0.8,33.6,64,931346432,685289472,87093912,155633697
2026-03-19T19:11:42.717752,1.0,33.6,64,931346432,685305856,87094420,155634205
2026-03-19T19:11:46.559962,1.2,33.7,64,931346432,685801472,87095018,155634803
2026-03-19T19:11:51.570019,1.2,33.7,64,931346432,685846528,87095526,155635311
2026-03-19T19:11:56.573744,0.8,33.7,67,931346432,685862912,87096034,155635819
2026-03-19T19:12:01.580417,4.2,33.9,67,931346432,686002176,87103118,155642903
2026-03-19T19:12:06.587563,9.8,33.7,64,931346432,686170112,87106549,155650264
2026-03-19T19:12:11.594124,1.1,33.6,64,931346432,686186496,87107057,155654775
2026-03-19T19:12:16.617402,0.6,33.6,64,931346432,686202880,87107565,155657115
2026-03-19T19:12:20.494864,1.3,33.6,64,931346432,693731328,87108163,155657713
2026-03-19T19:12:25.502235,1.2,33.6,64,931346432,693751808,87108755,155658557
2026-03-19T19:12:30.505576,1.2,33.6,64,931346432,693768192,87109263,155659065
2026-03-19T19:12:35.513471,0.8,33.6,64,931346432,693846016,87109771,155659573
2026-03-19T19:12:40.542471,1.1,33.6,64,931346432,693862400,87110279,155660081
2026-03-19T19:12:45.568529,1.1,33.7,64,931346432,693891072,87110787,155660589
2026-03-19T19:12:49.372650,4.2,33.7,64,931346432,693923840,87111385,155661187
2026-03-19T19:12:54.379583,1.8,33.7,64,931346432,694046720,87111893,155661695
2026-03-19T19:12:59.384734,1.1,33.7,64,931346432,694067200,87120961,155670763
2026-03-19T19:13:04.391121,10.0,34.6,67,931346432,694206464,87123853,155673655
2026-03-19T19:13:09.397854,2.2,33.7,64,931346432,694292480,87124631,155674433
2026-03-19T19:13:14.405843,0.8,33.7,64,931346432,694308864,87125139,155674941
2026-03-19T19:13:19.411558,1.1,33.7,64,931346432,694325248,87125647,155675449
2026-03-19T19:13:23.269635,1.0,33.8,64,931346432,694358016,87126245,155676047
2026-03-19T19:13:28.275410,0.6,33.7,64,931346432,694374400,87126837,155676639
2026-03-19T19:13:33.293863,1.2,33.7,64,931346432,694394880,87127345,155677147
2026-03-19T19:13:38.309999,1.1,33.7,64,931346432,694493184,87127853,155677655
2026-03-19T19:13:43.314284,1.0,33.7,64,931346432,694566912,87128361,155678163
2026-03-19T19:13:48.328721,0.7,33.7,64,931346432,694583296,87128869,155678671
2026-03-19T19:13:52.181501,1.3,33.7,64,931346432,694616064,87129467,155679269
2026-03-19T19:13:57.193547,1.0,33.7,64,931346432,694632448,87129975,155679777
2026-03-19T19:14:02.199185,4.5,34.2,67,931346432,694673408,87141042,155690844
2026-03-19T19:14:07.207042,6.2,33.8,64,931346432,694841344,87146755,155699228
2026-03-19T19:14:12.218227,1.0,33.8,64,931346432,694857728,87147305,155699990
2026-03-19T19:14:17.227605,1.1,33.8,64,931346432,695017472,87147813,155700498
2026-03-19T19:14:21.068336,1.1,33.8,64,931346432,695037952,87148411,155701096
2026-03-19T19:14:26.073468,0.6,33.7,64,931346432,695066624,87148919,155701604
2026-03-19T19:14:31.079663,0.9,33.7,64,931346432,695083008,87149427,155702112
2026-03-19T19:14:36.084277,1.2,33.6,64,931346432,695103488,87149935,155702620
2026-03-19T19:14:41.088581,1.0,33.6,64,931346432,695136256,87150443,155703128
2026-03-19T19:14:46.092652,0.8,33.7,64,931346432,695136256,87150951,155703636
2026-03-19T19:14:51.098646,0.9,33.6,64,931346432,695185408,87151459,155704144
2026-03-19T19:14:54.952228,1.2,33.6,64,931346432,695242752,87152057,155704742
2026-03-19T19:14:59.958978,1.3,33.6,64,931346432,695275520,87159566,155712251
2026-03-19T19:15:04.963663,9.2,33.6,64,931346432,695398400,87162728,155715413
2026-03-19T19:15:09.969024,0.9,33.6,64,931346432,695472128,87163236,155715921
2026-03-19T19:15:14.974684,0.9,33.6,64,931346432,695492608,87163744,155716429
2026-03-19T19:15:19.979111,1.2,33.6,64,931346432,695508992,87164252,155716937
2026-03-19T19:15:23.814114,0.7,33.6,64,931346432,695590912,87164850,155717535
2026-03-19T19:15:28.820206,0.9,33.6,64,931346432,695779328,87165358,155718885
2026-03-19T19:15:33.824882,1.0,33.6,64,931346432,695799808,87165866,155725213
2026-03-19T19:15:38.830450,0.9,33.6,64,931346432,695820288,87166374,155727452
2026-03-19T19:15:43.842849,0.7,33.6,64,931346432,695848960,87166882,155728144
2026-03-19T19:15:48.858970,0.9,33.6,64,931346432,695869440,87167390,155728652
2026-03-19T19:15:53.868946,1.3,33.6,64,931346432,695885824,87167898,155729160
2026-03-19T19:15:57.690032,0.7,33.6,67,931346432,695910400,87168496,155730010
2026-03-19T19:16:02.694333,6.3,34.5,67,931346432,695943168,87179387,155740901
2026-03-19T19:16:07.698785,5.9,33.6,64,931346432,696115200,87180973,155742822
2026-03-19T19:16:12.703908,1.1,33.6,64,931346432,696279040,87181481,155747532
2026-03-19T19:16:17.708225,0.6,33.6,64,931346432,696299520,87181989,155750248
2026-03-19T19:16:22.712550,1.0,33.6,64,931346432,696385536,87182497,155752588
2026-03-19T19:16:26.473096,1.1,33.6,64,931346432,696414208,87183095,155753186
2026-03-19T19:16:31.476959,1.0,33.6,64,931346432,696446976,87183603,155753946
2026-03-19T19:16:36.483209,0.8,33.6,64,931346432,696553472,87184111,155754454
2026-03-19T19:16:41.492859,1.1,33.6,64,931346432,696582144,87184619,155754962
2026-03-19T19:16:46.499121,1.2,33.5,64,931346432,696598528,87185127,155755470
2026-03-19T19:16:51.505219,1.0,33.5,64,931346432,696614912,87185635,155755978
2026-03-19T19:16:56.518201,0.8,33.5,64,931346432,696668160,87186291,155756486
2026-03-19T19:17:00.380130,1.3,33.5,64,931346432,696754176,87196067,155766262
2026-03-19T19:17:05.411547,11.6,33.5,64,931346432,696934400,87199695,155769890
2026-03-19T19:17:10.416388,1.3,33.6,64,931346432,697004032,87200203,155770398
2026-03-19T19:17:15.421050,0.7,33.5,64,931346432,697020416,87200711,155770906
2026-03-19T19:17:20.425170,1.2,33.5,64,931346432,697036800,87201219,155771414
2026-03-19T19:17:25.430859,1.2,33.6,64,931346432,697053184,87201727,155771922
2026-03-19T19:17:29.305360,1.1,33.6,64,931346432,697151488,87202325,155772520
2026-03-19T19:17:34.310591,1.0,33.6,64,931346432,697339904,87202875,155773070
2026-03-19T19:17:39.348515,1.1,33.6,64,931346432,697356288,87203383,155773578
2026-03-19T19:17:44.363374,0.9,33.6,64,931346432,697372672,87203891,155774086
2026-03-19T19:17:49.366898,0.9,33.6,64,931346432,697389056,87204399,155774594
2026-03-19T19:17:54.373796,0.9,33.6,64,931346432,697405440,87204907,155775102
2026-03-19T19:17:59.387821,1.0,33.6,64,931346432,697421824,87205415,155775610
2026-03-19T19:18:03.227173,8.3,34.4,67,931346432,697536512,87216296,155786491
2026-03-19T19:18:08.230932,2.9,33.6,64,931346432,697761792,87217525,155787720
2026-03-19T19:18:13.235280,1.0,33.6,64,931346432,697778176,87218033,155789076
2026-03-19T19:18:18.239081,1.0,33.6,64,931346432,697794560,87218541,155789584
2026-03-19T19:18:23.243675,1.1,33.6,64,931346432,697810944,87219049,155790092
2026-03-19T19:18:28.254686,0.8,33.6,64,931346432,697827328,87219557,155790600
2026-03-19T19:18:32.096146,1.0,33.6,64,931346432,697860096,87220155,155791198
2026-03-19T19:18:37.101186,1.2,33.6,64,931346432,697937920,87220705,155791748
2026-03-19T19:18:42.115666,1.0,33.6,64,931346432,697954304,87221213,155792256
2026-03-19T19:18:47.126826,0.7,33.6,64,931346432,697970688,87221721,155792764
2026-03-19T19:18:52.131631,1.2,33.6,64,931346432,697987072,87222229,155793272
2026-03-19T19:18:57.143913,1.5,33.6,64,931346432,698003456,87226451,155800155
2026-03-19T19:19:02.149876,3.6,33.8,67,931346432,698077184,87233448,155812156
2026-03-19T19:19:07.155639,7.4,33.6,64,931346432,698249216,87236610,155816422
2026-03-19T19:19:12.169206,1.3,33.6,64,931346432,698318848,87237118,155818762
2026-03-19T19:19:15.605888,1.1,33.6,64,931346432,698335232,87237716,155819612
2026-03-19T19:19:20.610781,1.0,33.6,64,931346432,698368000,87238224,155820120
2026-03-19T19:19:25.624952,0.8,33.6,64,931346432,698384384,87238732,155820628
2026-03-19T19:19:30.636814,1.1,33.6,64,931346432,698413056,87239240,155821136
2026-03-19T19:19:35.647009,1.1,33.6,64,931346432,698548224,87239748,155821644
2026-03-19T19:19:40.651209,0.9,33.6,64,931346432,698564608,87240256,155822152
2026-03-19T19:19:45.655145,0.8,33.6,64,931346432,698601472,87240764,155822660
2026-03-19T19:19:49.581798,1.2,33.6,64,931346432,698634240,87241362,155823676
2026-03-19T19:19:54.590088,1.6,33.6,64,931346432,698650624,87241954,155829408
2026-03-19T19:19:59.597133,1.0,33.6,64,931346432,698667008,87251853,155840494
2026-03-19T19:20:04.605009,10.5,33.6,64,931346432,698839040,87255015,155845488
2026-03-19T19:20:09.612242,0.9,33.6,64,931346432,698892288,87255523,155846248
2026-03-19T19:20:14.620469,1.4,33.6,64,931346432,698908672,87256031,155846756
2026-03-19T19:20:18.482294,0.7,33.6,64,931346432,699092992,87256629,155847354
2026-03-19T19:20:23.487296,1.3,33.6,64,931346432,699125760,87257137,155847862
2026-03-19T19:20:28.495022,1.2,33.6,64,931346432,699154432,87257645,155848370
2026-03-19T19:20:33.500064,0.9,33.6,64,931346432,699195392,87258153,155848878
2026-03-19T19:20:38.508273,0.9,33.6,64,931346432,699211776,87258661,155849386
2026-03-19T19:20:43.513074,1.2,33.6,64,931346432,699228160,87259169,155849894
2026-03-19T19:20:48.517203,0.9,33.6,64,931346432,699244544,87259677,155850402
2026-03-19T19:20:52.387925,0.6,33.6,64,931346432,699387904,87260275,155851000
2026-03-19T19:20:57.398519,1.3,33.6,64,931346432,699404288,87260867,155851592
2026-03-19T19:21:02.408147,4.3,34.0,67,931346432,699437056,87271431,155862156
2026-03-19T19:21:07.413602,8.1,33.6,64,931346432,699613184,87273017,155863742
2026-03-19T19:21:12.425127,0.6,33.6,64,931346432,699629568,87273525,155864250
2026-03-19T19:21:17.439187,1.1,33.6,64,931346432,699645952,87274033,155864758
2026-03-19T19:21:21.274799,1.1,33.6,64,931346432,699678720,87274631,155865356
2026-03-19T19:21:26.282223,1.3,33.6,64,931346432,699879424,87275139,155865864
2026-03-19T19:21:31.301303,0.6,33.6,64,931346432,699908096,87275647,155866372
2026-03-19T19:21:36.305238,1.2,33.6,64,931346432,699981824,87276155,155866880
2026-03-19T19:21:41.314915,1.1,33.7,64,931346432,699998208,87276663,155867388
2026-03-19T19:21:46.318878,0.9,33.7,64,931346432,700014592,87277171,155867896
2026-03-19T19:21:51.323350,0.9,33.7,64,931346432,700030976,87277679,155868616
2026-03-19T19:21:55.187694,1.2,33.7,64,931346432,700063744,87278277,155869850
2026-03-19T19:22:00.203589,1.1,33.7,64,931346432,700104704,87287008,155878581
2026-03-19T19:22:05.225480,9.5,33.7,64,931346432,700276736,87290289,155881862
2026-03-19T19:22:10.232305,1.3,33.6,64,931346432,700329984,87290678,155882251
2026-03-19T19:22:15.236025,1.1,33.7,64,931346432,700346368,87291186,155882759
2026-03-19T19:22:20.241438,1.1,33.7,64,931346432,700362752,87291813,155883386
2026-03-19T19:22:24.082931,1.1,33.7,64,931346432,700825600,87292292,155883865
2026-03-19T19:22:29.089736,1.0,33.7,64,931346432,700850176,87292919,155884492
2026-03-19T19:22:34.094447,1.1,33.7,64,931346432,700981248,87293427,155885000
2026-03-19T19:22:39.100406,1.3,33.7,64,931346432,700997632,87293935,155885508
2026-03-19T19:22:44.122302,0.8,33.7,64,931346432,701014016,87294443,155886016
2026-03-19T19:22:49.144598,1.0,33.7,64,931346432,701030400,87294951,155886524
2026-03-19T19:22:54.149014,1.2,33.6,64,931346432,708526080,87295533,155887032
2026-03-19T19:22:58.053181,0.9,33.7,64,931346432,708558848,87296247,155887672
2026-03-19T19:23:03.061509,7.3,34.5,67,931346432,708599808,87307012,155898437
2026-03-19T19:23:08.084202,5.9,33.6,64,931346432,708833280,87308468,155899893
2026-03-19T19:23:13.106209,2.3,33.7,64,931346432,708849664,87308976,155901306
2026-03-19T19:23:18.121773,0.9,33.7,64,931346432,708866048,87309780,155907004
2026-03-19T19:23:23.126713,1.2,33.7,64,931346432,708894720,87310288,155909057
2026-03-19T19:23:28.131958,1.1,33.7,64,931346432,709107712,87310886,155909744
2026-03-19T19:23:33.136964,0.8,33.7,64,931346432,709140480,87311394,155913438
2026-03-19T19:23:38.143527,1.1,33.7,64,931346432,709173248,87311902,155917553
2026-03-19T19:23:41.527097,1.3,33.7,64,931346432,709242880,87312500,155920235
2026-03-19T19:23:46.531087,1.3,33.7,64,931346432,709259264,87316829,155926679
2026-03-19T19:23:51.536289,0.7,33.7,64,931346432,709275648,87317337,155927187
2026-03-19T19:23:56.541323,1.2,33.7,64,931346432,709292032,87317845,155927695
2026-03-19T19:24:01.546384,6.6,34.3,67,931346432,709332992,87327482,155937332
2026-03-19T19:24:06.551383,6.3,33.7,64,931346432,709505024,87330644,155940494
2026-03-19T19:24:10.461859,1.2,33.7,64,931346432,709521408,87331242,155941092
2026-03-19T19:24:15.465590,1.0,33.7,64,931346432,709640192,87331750,155941600
2026-03-19T19:24:20.469445,1.2,33.7,64,931346432,709718016,87332258,155942108
2026-03-19T19:24:25.474207,0.8,33.7,64,931346432,709734400,87332766,155943532
2026-03-19T19:24:30.478170,0.9,33.7,64,931346432,709750784,87333274,155944040
2026-03-19T19:24:35.486543,1.3,33.7,64,931346432,709771264,87333782,155944548
2026-03-19T19:24:40.491333,1.1,33.7,67,931346432,709787648,87334290,155945056
2026-03-19T19:24:44.387454,0.8,33.7,64,931346432,709820416,87334888,155945654
2026-03-19T19:24:49.394328,1.3,33.7,64,931346432,709890048,87335480,155946246
2026-03-19T19:24:54.399369,1.7,33.7,67,931346432,709939200,87335988,155946754
2026-03-19T19:24:59.409575,1.8,33.7,64,931346432,709955584,87336496,155947262
2026-03-19T19:25:04.417766,10.5,34.6,67,931346432,710111232,87349242,155960008
2026-03-19T19:25:09.422275,2.6,33.8,64,931346432,710193152,87350020,155960786
2026-03-19T19:25:13.260848,0.9,33.7,64,931346432,710225920,87350618,155961384
2026-03-19T19:25:18.265497,1.1,33.8,64,931346432,710254592,87351126,155961892
2026-03-19T19:25:23.271214,1.2,33.8,64,931346432,710275072,87351634,155962400
2026-03-19T19:25:28.284220,0.9,33.7,64,931346432,710332416,87352142,155962908
2026-03-19T19:25:33.294317,1.1,33.7,64,931346432,710348800,87352650,155964264
2026-03-19T19:25:38.299998,1.3,33.7,64,931346432,710524928,87353158,155964772
2026-03-19T19:25:43.304763,1.1,33.7,67,931346432,710545408,87353666,155965280
2026-03-19T19:25:47.162823,1.3,33.7,64,931346432,710561792,87354264,155965878
2026-03-19T19:25:52.173830,1.4,33.8,64,931346432,710594560,87354856,155966470
2026-03-19T19:25:57.184633,1.0,33.7,64,931346432,710615040,87355364,155966978
2026-03-19T19:26:02.194754,3.9,34.1,67,931346432,710651904,87365459,155977073
2026-03-19T19:26:07.201311,9.5,33.7,64,931346432,710803456,87368621,155980235
2026-03-19T19:26:12.209989,1.2,33.7,64,931346432,710868992,87369129,155980743
2026-03-19T19:26:16.039051,1.0,33.7,64,931346432,711409664,87369727,155981341
2026-03-19T19:26:21.048249,1.2,33.7,64,931346432,711458816,87370235,155981849
2026-03-19T19:26:26.057312,1.1,33.7,64,931346432,711475200,87370743,155982357
2026-03-19T19:26:31.063311,0.8,33.7,64,931346432,711495680,87371251,155982865
2026-03-19T19:26:36.072995,1.0,33.7,64,931346432,711630848,87371759,155983373
2026-03-19T19:26:41.107060,1.1,33.7,64,931346432,711647232,87372267,155983881
2026-03-19T19:26:46.111319,1.0,33.7,64,931346432,711663616,87372775,155984389
2026-03-19T19:26:49.892157,0.6,33.7,64,931346432,719175680,87373373,155984987
2026-03-19T19:26:54.896196,1.4,33.7,64,931346432,719192064,87373965,155985579
2026-03-19T19:26:59.900586,1.6,33.7,64,931346432,719208448,87383750,155998038
2026-03-19T19:27:04.906664,10.1,34.6,67,931346432,719388672,87386912,156007103
2026-03-19T19:27:09.916384,1.4,33.7,64,931346432,719462400,87387420,156009259
2026-03-19T19:27:14.923068,1.0,33.7,64,931346432,719491072,87387928,156009951
2026-03-19T19:27:18.819513,1.3,33.7,64,931346432,719712256,87388526,156010844
2026-03-19T19:27:23.830655,0.8,33.7,64,931346432,719728640,87389034,156016363
2026-03-19T19:27:28.836730,1.2,33.7,64,931346432,719745024,87389542,156018470
2026-03-19T19:27:33.850403,1.2,33.7,64,931346432,719761408,87390050,156020398
2026-03-19T19:27:38.856907,0.6,33.7,64,931346432,719790080,87390558,156020906
2026-03-19T19:27:43.863213,1.0,33.7,64,931346432,719855616,87391066,156021414
2026-03-19T19:27:48.867760,1.3,33.7,64,931346432,719872000,87391574,156021922
2026-03-19T19:27:52.725312,1.1,33.7,64,931346432,719933440,87392172,156022520
2026-03-19T19:27:57.730086,0.5,33.7,64,931346432,719949824,87392764,156023112
2026-03-19T19:28:02.734608,5.6,34.4,67,931346432,719990784,87404397,156034745
2026-03-19T19:28:07.755588,7.5,33.7,64,931346432,720101376,87405983,156036331
2026-03-19T19:28:12.770561,0.7,33.7,64,931346432,720203776,87406491,156036839
2026-03-19T19:28:17.774841,1.3,33.7,64,931346432,720277504,87406999,156037347
2026-03-19T19:28:21.677194,1.4,33.7,64,931346432,720277504,87407597,156037945
2026-03-19T19:28:26.680941,1.0,33.7,64,931346432,720310272,87408147,156038495
2026-03-19T19:28:31.687919,0.7,33.7,64,931346432,720326656,87408655,156039003
2026-03-19T19:28:36.695893,1.4,33.7,64,931346432,720424960,87412942,156045288
2026-03-19T19:28:41.703582,1.1,33.7,64,931346432,720445440,87413492,156045838
2026-03-19T19:28:46.711568,0.7,33.7,64,931346432,720470016,87414000,156046346
2026-03-19T19:28:50.548136,1.3,33.7,64,931346432,720531456,87414598,156046944
2026-03-19T19:28:55.552873,1.3,33.7,64,931346432,720560128,87415106,156047452
2026-03-19T19:29:00.557140,1.0,33.7,67,931346432,720576512,87422685,156055031
2026-03-19T19:29:05.565240,12.3,34.7,67,931346432,720703488,87425847,156058193
2026-03-19T19:29:10.593538,1.8,33.8,64,931346432,720773120,87426355,156058701
2026-03-19T19:29:15.613270,1.1,33.8,64,931346432,720801792,87426863,156059209
2026-03-19T19:29:20.621832,0.7,33.8,64,931346432,720822272,87427371,156060141
2026-03-19T19:29:24.495373,1.3,33.8,64,931346432,720973824,87427969,156061163
2026-03-19T19:29:29.501133,1.3,33.8,64,931346432,721006592,87428561,156061755
2026-03-19T19:29:34.528307,0.7,33.8,64,931346432,721035264,87429069,156062263
2026-03-19T19:29:39.534101,1.1,33.8,64,931346432,721068032,87429577,156062771
2026-03-19T19:29:44.544762,1.1,33.8,64,931346432,721084416,87430085,156063279
2026-03-19T19:29:49.549394,1.0,33.8,64,931346432,721100800,87430593,156063787
2026-03-19T19:29:53.411240,0.8,33.8,64,931346432,721121280,87431191,156064385
2026-03-19T19:29:58.429132,1.1,33.8,64,931346432,721182720,87431741,156064935
2026-03-19T19:30:03.434159,8.2,34.6,67,931346432,721252352,87441886,156075080
2026-03-19T19:30:08.438697,3.0,33.7,64,931346432,721371136,87442931,156076125
2026-03-19T19:30:13.443561,1.4,33.7,64,931346432,721424384,87443439,156076633
2026-03-19T19:30:18.448826,1.4,33.7,64,931346432,721440768,87443947,156077141
2026-03-19T19:30:23.453745,0.8,33.7,64,931346432,721457152,87444455,156077649
2026-03-19T19:30:27.315127,1.1,33.7,64,931346432,721567744,87445053,156078247
2026-03-19T19:30:32.326396,1.1,33.7,64,931346432,721653760,87445645,156078839
2026-03-19T19:30:37.332845,1.2,33.7,64,931346432,721678336,87446153,156079347
2026-03-19T19:30:42.340209,1.0,33.8,64,931346432,721694720,87446661,156082501
2026-03-19T19:30:47.346494,1.2,33.7,64,931346432,721711104,87447169,156086556
2026-03-19T19:30:52.353673,1.3,33.7,64,931346432,721727488,87447677,156089312
2026-03-19T19:30:56.194004,0.7,33.7,64,931346432,721743872,87448275,156090598
2026-03-19T19:31:01.198053,1.4,33.7,64,931346432,721776640,87457650,156099973
2026-03-19T19:31:06.202883,11.9,33.7,64,931346432,722071552,87460812,156103135
2026-03-19T19:31:11.206698,0.8,33.7,64,931346432,722137088,87461320,156103895
2026-03-19T19:31:16.247584,1.2,33.8,64,931346432,722153472,87461828,156104403
2026-03-19T19:31:21.287228,1.3,33.7,64,931346432,722169856,87462336,156104911
2026-03-19T19:31:26.290898,1.2,33.7,64,931346432,722186240,87462992,156105419
2026-03-19T19:31:30.139853,0.7,33.7,64,931346432,722276352,87463632,156106059
2026-03-19T19:31:35.180253,1.1,33.7,64,931346432,722305024,87464182,156106609
2026-03-19T19:31:40.194080,0.9,33.8,64,931346432,722321408,87464690,156107117
2026-03-19T19:31:45.235969,0.8,33.8,64,931346432,722391040,87465198,156107625
2026-03-19T19:31:50.247015,1.1,33.8,64,931346432,722407424,87465706,156108133
2026-03-19T19:31:55.251381,1.1,33.8,64,931346432,722423808,87466214,156108641
2026-03-19T19:32:00.255405,1.2,33.8,64,931346432,722440192,87476106,156118443
2026-03-19T19:32:05.261600,11.6,33.7,64,931346432,722616320,87479579,156121916
2026-03-19T19:32:10.267603,1.1,33.7,64,931346432,722677760,87480087,156122424
2026-03-19T19:32:15.273013,1.4,33.7,64,931346432,722743296,87480685,156122932
2026-03-19T19:32:20.282423,0.7,33.7,64,931346432,722759680,87481193,156123440
2026-03-19T19:32:25.286871,1.2,33.7,64,931346432,722776064,87481701,156123948
2026-03-19T19:32:30.290322,1.4,33.7,64,931346432,722796544,87482209,156124456
2026-03-19T19:32:35.294239,0.7,33.7,64,931346432,722915328,87482807,156124964
2026-03-19T19:32:40.297408,1.5,33.8,64,931346432,722931712,87483357,156125514
2026-03-19T19:32:44.607790,1.3,33.8,64,931346432,723406848,87483955,156126960
2026-03-19T19:32:49.611292,0.8,33.8,64,931346432,723431424,87484505,156127510
2026-03-19T19:32:54.614863,1.4,33.8,64,931346432,723447808,87485013,156128018
2026-03-19T19:32:59.624697,1.2,33.8,64,931346432,723464192,87494011,156137016
2026-03-19T19:33:04.630047,9.5,33.8,64,931346432,723632128,87497173,156140178
2026-03-19T19:33:09.666059,0.7,33.8,64,931346432,723632128,87497681,156140686
2026-03-19T19:33:14.680217,1.0,33.8,64,931346432,731250688,87498189,156141194
2026-03-19T19:33:19.215724,1.0,33.8,64,931346432,731299840,87498787,156141792
2026-03-19T19:33:24.234728,0.7,33.8,64,931346432,731348992,87499337,156142342
2026-03-19T19:33:29.255919,1.2,33.8,64,931346432,731365376,87503559,156148626
2026-03-19T19:33:34.301493,1.2,33.8,64,931346432,731385856,87504109,156149176
2026-03-19T19:33:39.305800,0.9,33.8,64,931346432,731402240,87504617,156149684
2026-03-19T19:33:44.311739,0.8,33.8,64,931346432,731418624,87505125,156150192
2026-03-19T19:33:48.229651,1.3,33.8,64,931346432,731512832,87505723,156150790
2026-03-19T19:33:53.233703,1.1,33.8,64,931346432,731545600,87506231,156151298
2026-03-19T19:33:58.238767,0.7,33.8,64,931346432,731561984,87506739,156151806
2026-03-19T19:34:03.245572,6.3,34.6,67,931346432,731578368,87516442,156161688
2026-03-19T19:34:08.249959,5.6,33.8,64,931346432,731742208,87518028,156164295
2026-03-19T19:34:13.257956,0.6,33.8,64,931346432,731799552,87518536,156171533
2026-03-19T19:34:18.263527,1.3,33.8,64,931346432,731815936,87519134,156175093
2026-03-19T19:34:23.269029,1.0,33.8,64,931346432,731881472,87519684,156179825
2026-03-19T19:34:28.274028,1.0,33.8,64,931346432,731901952,87520192,156181981
2026-03-19T19:34:33.280873,0.7,33.8,64,931346432,732000256,87520700,156182673
2026-03-19T19:34:37.245777,1.3,33.8,64,931346432,732033024,87521340,156183565
2026-03-19T19:34:42.250307,1.0,33.8,64,931346432,732049408,87521848,156184073
2026-03-19T19:34:47.258697,0.6,33.8,64,931346432,732065792,87522356,156184581
2026-03-19T19:34:52.269198,1.6,33.8,64,931346432,732082176,87522864,156185424
2026-03-19T19:34:57.275329,1.2,33.8,64,931346432,732119040,87523372,156191238
2026-03-19T19:35:02.281101,6.0,34.6,67,931346432,732139520,87531576,156200546
2026-03-19T19:35:06.489299,6.3,33.8,64,931346432,732815360,87534828,156205630
2026-03-19T19:35:11.493769,1.1,33.8,64,931346432,732839936,87535378,156206432
2026-03-19T19:35:16.498405,0.6,33.8,65,931346432,732856320,87535886,156206940
2026-03-19T19:35:21.506581,1.0,33.8,64,931346432,732872704,87536464,156207448
2026-03-19T19:35:26.512425,1.1,33.8,64,931346432,732889088,87536972,156207956
2026-03-19T19:35:31.517752,1.1,33.8,64,931346432,733028352,87537480,156208464
2026-03-19T19:35:36.521904,0.7,33.8,64,931346432,740544512,87538078,156208972
2026-03-19T19:35:41.526247,1.1,33.8,64,931346432,740569088,87538586,156209480
2026-03-19T19:35:46.530918,1.1,33.8,64,931346432,740585472,87539094,156209988
2026-03-19T19:35:51.537054,0.6,33.8,64,931346432,740601856,87539692,156210496
2026-03-19T19:35:56.542675,1.1,33.8,64,931346432,740618240,87540242,156211046
2026-03-19T19:36:01.546544,6.2,34.6,67,931346432,740675584,87548164,156218968
2026-03-19T19:36:06.550793,5.1,33.8,64,931346432,740909056,87551326,156222130
2026-03-19T19:36:11.554045,0.7,33.8,64,931346432,741130240,87551924,156222638
2026-03-19T19:36:16.557894,1.1,33.8,64,931346432,741171200,87552432,156223146
2026-03-19T19:36:21.561819,1.3,33.8,64,931346432,741187584,87552940,156223654
2026-03-19T19:36:26.565705,0.7,33.8,64,931346432,741216256,87553538,156224162
2026-03-19T19:36:31.570158,1.0,33.8,64,931346432,741232640,87554046,156224670
2026-03-19T19:36:35.844753,1.3,33.7,64,931346432,741654528,87554644,156225268
2026-03-19T19:36:40.848237,0.6,33.7,64,931346432,741683200,87555236,156225860
2026-03-19T19:36:45.852130,1.4,33.8,64,931346432,741810176,87555744,156226368
2026-03-19T19:36:50.858590,1.2,33.8,64,931346432,741826560,87556252,156226876
2026-03-19T19:36:55.863436,1.1,33.8,64,931346432,741842944,87556760,156230399
2026-03-19T19:37:00.868483,3.9,34.2,67,931346432,741863424,87567604,156245186
2026-03-19T19:37:05.259977,8.8,33.8,64,931346432,742031360,87570856,156249625
2026-03-19T19:37:10.267387,1.1,33.8,64,931346432,749592576,87571364,156251965
2026-03-19T19:37:15.285716,0.8,33.8,64,931346432,749608960,87571872,156252473
2026-03-19T19:37:20.303392,1.2,33.8,64,931346432,749645824,87572380,156253233
2026-03-19T19:37:25.307786,1.2,33.8,64,931346432,749731840,87572888,156253741
2026-03-19T19:37:30.313211,1.0,33.8,64,931346432,749748224,87631936,156323207
2026-03-19T19:37:34.361729,1.7,33.8,64,931346432,749772800,87639537,156335099
2026-03-19T19:37:39.365223,1.0,33.8,64,931346432,749805568,87640153,156335715
2026-03-19T19:37:44.368834,0.7,33.8,67,931346432,749821952,87640661,156336223
2026-03-19T19:37:49.374761,0.9,33.8,64,931346432,749838336,87641169,156336731
2026-03-19T19:37:54.379290,1.7,33.8,64,931346432,749858816,87647375,156347182
2026-03-19T19:37:59.383500,1.1,33.8,64,931346432,749891584,87700188,156399941
2026-03-19T19:38:04.391898,10.3,33.7,64,931346432,750043136,87703350,156403103
2026-03-19T19:38:08.827226,1.1,33.7,64,931346432,750182400,87703948,156403701
2026-03-19T19:38:13.832499,1.1,33.8,64,931346432,750215168,87704498,156404251
2026-03-19T19:38:18.836717,0.7,33.7,64,931346432,750231552,87705006,156404759
2026-03-19T19:38:23.856342,1.5,33.8,64,931346432,750247936,87709371,156411230
2026-03-19T19:38:28.865093,1.0,33.8,64,931346432,750268416,87709879,156411738
2026-03-19T19:38:33.874225,0.7,33.8,64,931346432,750329856,87710387,156412246
2026-03-19T19:38:37.918547,1.1,33.8,64,931346432,750350336,87710985,156412844
2026-03-19T19:38:42.922212,1.1,33.8,64,931346432,750424064,87711493,156413352
2026-03-19T19:38:47.926474,0.8,33.8,64,931346432,750440448,87712001,156413860
2026-03-19T19:38:52.934377,1.1,33.8,64,931346432,750456832,87712509,156414368
2026-03-19T19:38:57.939412,1.3,33.8,64,931346432,750485504,87713017,156415300
2026-03-19T19:39:02.944130,6.3,34.5,67,931346432,750505984,87723726,156426433
2026-03-19T19:39:07.949006,5.6,33.8,64,931346432,750678016,87725312,156428019
2026-03-19T19:39:12.114555,1.4,33.8,64,931346432,750710784,87725910,156431180
2026-03-19T19:39:17.121090,1.0,33.8,64,931346432,750727168,87726502,156435402
2026-03-19T19:39:22.130318,0.6,33.8,64,931346432,750743552,87727010,156437838
2026-03-19T19:39:27.141310,1.1,33.8,64,931346432,750759936,87727518,156439354
2026-03-19T19:39:32.147204,1.1,33.8,64,931346432,750886912,87728026,156439862
2026-03-19T19:39:37.153468,0.6,33.8,64,931346432,750911488,87728534,156440622
2026-03-19T19:39:41.108677,1.1,33.8,64,931346432,750989312,87729132,156441220
2026-03-19T19:39:46.111933,1.2,33.8,64,931346432,751017984,87729640,156441728
2026-03-19T19:39:51.133920,0.7,33.8,64,931346432,751034368,87730148,156442236
2026-03-19T19:39:56.178380,1.1,33.8,64,931346432,751063040,87730656,156442744
2026-03-19T19:40:01.196055,1.3,33.8,64,931346432,751079424,87740387,156452475
2026-03-19T19:40:06.202779,10.6,33.7,64,931346432,751251456,87743549,156455637
2026-03-19T19:40:11.211147,0.6,33.8,64,931346432,751312896,87744057,156456145
2026-03-19T19:40:15.331351,0.9,33.7,64,931346432,751472640,87744655,156456743
2026-03-19T19:40:20.337189,1.0,33.7,64,931346432,751489024,87745247,156457335
2026-03-19T19:40:25.359001,0.7,33.7,64,931346432,751505408,87745755,156457843
2026-03-19T19:40:30.367799,1.0,33.7,64,931346432,751525888,87746263,156458351
2026-03-19T19:40:35.374523,1.4,33.7,64,931346432,751546368,87746771,156458859
2026-03-19T19:40:40.380246,1.1,33.7,64,931346432,751562752,87747279,156459367
2026-03-19T19:40:44.475845,0.9,33.6,64,931346432,751579136,87747877,156459965
2026-03-19T19:40:49.504918,0.9,33.6,64,931346432,751616000,87748385,156460473
2026-03-19T19:40:54.508704,1.1,33.6,64,931346432,751702016,87748893,156460981
2026-03-19T19:40:59.513530,0.7,33.6,64,931346432,751730688,87757211,156469299
2026-03-19T19:41:04.518720,9.6,34.5,67,931346432,751857664,87759836,156471924
2026-03-19T19:41:09.527742,2.8,33.6,64,931346432,751939584,87760751,156472839
2026-03-19T19:41:14.532218,0.6,33.6,64,931346432,751955968,87761259,156473983
2026-03-19T19:41:18.620956,1.2,33.6,64,931346432,752082944,87761857,156474793
2026-03-19T19:41:23.626467,0.9,33.7,64,931346432,752156672,87762449,156475385
2026-03-19T19:41:28.630414,0.8,33.6,64,931346432,752173056,87762957,156475893
2026-03-19T19:41:33.637815,0.6,33.7,64,931346432,752189440,87763465,156476401
2026-03-19T19:41:38.643907,0.8,33.6,64,931346432,752209920,87763973,156476909
2026-03-19T19:41:43.661873,0.9,33.7,64,931346432,752226304,87764481,156477417
2026-03-19T19:41:47.758678,0.5,33.6,64,931346432,752254976,87765079,156478015
2026-03-19T19:41:52.763351,0.9,33.6,64,931346432,752283648,87765587,156478523
2026-03-19T19:41:57.769854,1.2,33.7,64,931346432,752336896,87766095,156479031
2026-03-19T19:42:02.773644,6.6,34.6,67,931346432,752353280,87775035,156487971
2026-03-19T19:42:07.778513,3.9,33.7,64,931346432,752525312,87776491,156489427
2026-03-19T19:42:12.795019,1.3,33.7,64,931346432,752541696,87776999,156489935
2026-03-19T19:42:16.853407,1.2,33.7,64,931346432,752652288,87777597,156490533
2026-03-19T19:42:21.910556,0.6,33.7,64,931346432,752705536,87778189,156491125
2026-03-19T19:42:26.936843,1.0,33.6,64,931346432,752721920,87778697,156491633
2026-03-19T19:42:31.967281,1.3,33.6,64,931346432,752820224,87779205,156492141
2026-03-19T19:42:36.971626,1.1,33.6,64,931346432,752840704,87779713,156492649
2026-03-19T19:42:41.992799,0.5,33.6,64,931346432,752857088,87780221,156493955
2026-03-19T19:42:47.003338,1.2,33.6,64,931346432,752873472,87780729,156494463
2026-03-19T19:42:52.016419,1.0,33.6,64,931346432,752951296,87781327,156494971
2026-03-19T19:42:57.028368,0.7,33.6,64,931346432,752967680,87781835,156498101
2026-03-19T19:43:02.034184,5.6,34.3,67,931346432,752984064,87790268,156510657
2026-03-19T19:43:05.860321,5.9,33.6,64,931346432,753672192,87793520,156515741
2026-03-19T19:43:10.863898,0.9,33.6,64,931346432,753696768,87794112,156516333
2026-03-19T19:43:15.872228,1.0,33.6,64,931346432,753713152,87798400,156522924
2026-03-19T19:43:20.877181,1.1,33.6,64,931346432,753733632,87798908,156523432
2026-03-19T19:43:25.882268,0.9,33.6,64,931346432,753750016,87799416,156523940
2026-03-19T19:43:30.887390,0.6,33.6,64,931346432,753766400,87799924,156524448
2026-03-19T19:43:35.044309,0.9,33.6,64,931346432,761266176,87800522,156525046
2026-03-19T19:43:40.054199,0.9,33.6,64,931346432,761331712,87801030,156525554
2026-03-19T19:43:45.111942,0.7,33.6,64,931346432,761348096,87801538,156526062
2026-03-19T19:43:50.115605,1.1,33.6,64,931346432,761376768,87802046,156526570
2026-03-19T19:43:55.122795,1.0,33.6,64,931346432,761393152,87802554,156527078
2026-03-19T19:44:00.126959,1.3,33.6,64,931346432,761409536,87810218,156534742
2026-03-19T19:44:05.133708,10.1,33.6,64,931346432,761556992,87813380,156537904
2026-03-19T19:44:09.165592,1.1,33.6,64,931346432,761823232,87813978,156538502
2026-03-19T19:44:14.169708,1.1,33.6,64,931346432,761896960,87814570,156539094
2026-03-19T19:44:19.174838,0.8,33.6,64,931346432,761917440,87815078,156539602
2026-03-19T19:44:24.180198,1.2,33.6,64,931346432,761933824,87815586,156540110
2026-03-19T19:44:29.184712,1.2,33.6,64,931346432,761950208,87816094,156540618
2026-03-19T19:44:34.188632,0.8,33.6,67,931346432,761970688,87816602,156541126
2026-03-19T19:44:38.312299,0.9,33.6,64,931346432,761987072,87817200,156541724
2026-03-19T19:44:43.316353,0.9,33.6,64,931346432,762015744,87817708,156542232
2026-03-19T19:44:48.320444,1.1,33.6,64,931346432,762068992,87818216,156542740
2026-03-19T19:44:53.325138,0.6,33.6,64,931346432,762085376,87818724,156543248
2026-03-19T19:44:58.344759,1.2,33.7,64,931346432,762101760,87819232,156544604
2026-03-19T19:45:03.348507,6.7,34.5,67,931346432,762142720,87828654,156554026
2026-03-19T19:45:08.351649,3.2,33.6,64,931346432,762294272,87830240,156555612
2026-03-19T19:45:12.447277,0.9,33.6,64,931346432,762458112,87830838,156556210
2026-03-19T19:45:17.452707,1.1,33.6,64,931346432,762486784,87831430,156556802
2026-03-19T19:45:22.473567,1.2,33.6,64,931346432,762597376,87831938,156557310
2026-03-19T19:45:27.518471,0.6,33.6,64,931346432,762613760,87832446,156557818
2026-03-19T19:45:32.523936,1.1,33.7,64,931346432,762634240,87832954,156558326
2026-03-19T19:45:37.527904,1.2,33.6,64,931346432,762650624,87833462,156558834
2026-03-19T19:45:41.601539,0.7,33.6,64,931346432,762667008,87834060,156559432
2026-03-19T19:45:46.651974,1.0,33.6,64,931346432,762781696,87834568,156559940
2026-03-19T19:45:51.656026,1.1,33.7,64,931346432,762810368,87835076,156560448
2026-03-19T19:45:56.660514,1.1,33.7,64,931346432,762855424,87835584,156560956
2026-03-19T19:46:01.664764,1.8,33.8,67,931346432,762884096,87843389,156568613
2026-03-19T19:46:06.671635,8.5,33.6,64,931346432,763047936,87846593,156571817
2026-03-19T19:46:11.677929,1.0,33.6,64,931346432,763187200,87847101,156572325
2026-03-19T19:46:15.580153,0.5,33.6,64,931346432,763224064,87847741,156572965
2026-03-19T19:46:20.589488,1.2,33.6,64,931346432,763240448,87848249,156573808
2026-03-19T19:46:25.594003,1.2,33.6,64,931346432,763256832,87848757,156578435
2026-03-19T19:46:30.597711,1.0,33.6,64,931346432,763342848,87849265,156581234
2026-03-19T19:46:35.601682,0.7,33.6,64,931346432,763363328,87849773,156583574
2026-03-19T19:46:40.605977,1.0,33.6,64,931346432,763379712,87850281,156584082
2026-03-19T19:46:44.582144,1.0,33.6,64,931346432,763457536,87850879,156584932
2026-03-19T19:46:49.588331,0.7,33.6,64,931346432,763490304,87851387,156585440
2026-03-19T19:46:54.643389,1.0,33.6,64,931346432,763506688,87851895,156585948
2026-03-19T19:46:59.651627,1.1,33.6,64,931346432,763523072,87860407,156594795
2026-03-19T19:47:04.655863,9.9,33.7,64,931346432,763699200,87863569,156601160
2026-03-19T19:47:09.678307,0.9,33.6,64,931346432,763756544,87864077,156604235
2026-03-19T19:47:13.636634,0.9,33.6,64,931346432,763777024,87864675,156606665
2026-03-19T19:47:18.644048,1.0,33.7,64,931346432,763809792,87865267,156607257
2026-03-19T19:47:23.683209,0.8,33.6,64,931346432,763826176,87865775,156608017
2026-03-19T19:47:28.701326,0.8,33.6,64,931346432,763842560,87866283,156608525
2026-03-19T19:47:33.704745,1.0,33.7,64,931346432,763949056,87866791,156609033
2026-03-19T19:47:38.708519,0.7,33.7,64,931346432,764022784,87867299,156609541
2026-03-19T19:47:43.721032,0.7,33.7,64,931346432,764051456,87867807,156610049
2026-03-19T19:47:47.624252,1.0,33.6,64,931346432,764088320,87868405,156610647
2026-03-19T19:47:52.632940,0.8,33.6,64,931346432,764104704,87868913,156611155
2026-03-19T19:47:57.639715,0.7,33.6,64,931346432,764121088,87869421,156611663
2026-03-19T19:48:02.644405,4.7,34.3,67,931346432,764137472,87878939,156621181
2026-03-19T19:48:07.660009,6.0,33.6,64,931346432,764305408,87884239,156628543
2026-03-19T19:48:12.663836,0.9,33.6,65,931346432,764469248,87884789,156629093
2026-03-19T19:48:16.764103,0.7,33.6,64,931346432,764489728,87885387,156631846
2026-03-19T19:48:21.768120,4.5,33.7,64,931346432,764522496,87885895,156636861
2026-03-19T19:48:26.772664,1.1,33.6,64,931346432,764538880,87886403,156639100
2026-03-19T19:48:31.777397,0.6,33.7,64,931346432,764567552,87886911,156640044
2026-03-19T19:48:36.806371,1.0,33.7,64,931346432,764600320,87887419,156640552
2026-03-19T19:48:41.811697,0.8,33.7,64,931346432,764628992,87887927,156641060
2026-03-19T19:48:46.825463,0.8,33.7,64,931346432,764735488,87888435,156641568
2026-03-19T19:48:50.690374,1.1,33.7,64,931346432,764768256,87889033,156642166
2026-03-19T19:48:55.701796,0.9,33.7,64,931346432,764784640,87889625,156642758
2026-03-19T19:49:00.707283,1.0,33.8,64,931346432,764801024,87896563,156649696
2026-03-19T19:49:05.716109,8.7,33.8,64,931346432,764973056,87899725,156652858
2026-03-19T19:49:10.722245,1.1,33.8,64,931346432,765038592,87900233,156653366
2026-03-19T19:49:15.727916,0.9,33.8,64,931346432,765059072,87900741,156653874
2026-03-19T19:49:19.771283,0.7,33.8,64,931346432,765079552,87901339,156654472
2026-03-19T19:49:24.781471,1.2,33.8,64,931346432,765247488,87901889,156655022
2026-03-19T19:49:29.789741,1.0,33.8,64,931346432,765263872,87902397,156655530
2026-03-19T19:49:34.797467,1.0,33.8,64,931346432,765280256,87902905,156656038
2026-03-19T19:49:39.803192,0.5,33.8,64,931346432,765329408,87903413,156656546
2026-03-19T19:49:44.815523,0.9,33.8,64,931346432,765345792,87903921,156657054
2026-03-19T19:49:49.822836,1.0,33.8,64,931346432,765362176,87904429,156657562
2026-03-19T19:49:53.893403,0.8,33.8,64,931346432,765403136,87905027,156658160
2026-03-19T19:49:58.903011,0.8,33.8,64,931346432,765448192,87905619,156658752
2026-03-19T19:50:03.909345,7.7,34.7,67,931346432,765513728,87915062,156668195
2026-03-19T19:50:08.913702,2.5,33.8,64,931346432,765636608,87915977,156669110
2026-03-19T19:50:13.921130,0.7,33.8,64,931346432,765755392,87916485,156669618
2026-03-19T19:50:18.925859,1.0,33.8,64,931346432,765771776,87916993,156670762
2026-03-19T19:50:22.926762,1.1,33.8,64,931346432,765804544,87917591,156671572
2026-03-19T19:50:27.932534,0.8,33.8,64,931346432,765849600,87918141,156672122
2026-03-19T19:50:32.947295,0.9,33.8,64,931346432,765927424,87918649,156672630
2026-03-19T19:50:37.959794,1.1,33.8,64,931346432,765992960,87919157,156673138
2026-03-19T19:50:42.964655,0.9,33.8,64,931346432,766021632,87919665,156673646
2026-03-19T19:50:47.970200,0.6,33.8,64,931346432,766038016,87920173,156674154
2026-03-19T19:50:51.917451,1.2,33.8,64,931346432,766054400,87920771,156674752
2026-03-19T19:50:56.931254,1.1,33.8,64,931346432,766148608,87921363,156675344
2026-03-19T19:51:01.941936,4.0,34.3,67,931346432,766169088,87929824,156683805
2026-03-19T19:51:06.949124,7.0,33.7,64,931346432,766324736,87931679,156685660
2026-03-19T19:51:11.953207,1.0,33.7,64,931346432,766382080,87932187,156686168
2026-03-19T19:51:16.984499,1.0,33.7,64,931346432,766398464,87932695,156686676
2026-03-19T19:51:21.999511,0.8,33.7,64,931346432,766414848,87933203,156687184
2026-03-19T19:51:25.952884,0.9,33.7,64,931346432,766431232,87933801,156687782
2026-03-19T19:51:30.959830,1.1,33.8,64,931346432,766464000,87934351,156688332
2026-03-19T19:51:35.963956,0.6,33.8,64,931346432,766619648,87934859,156688840
2026-03-19T19:51:40.970124,1.1,33.8,64,931346432,766693376,87935367,156689348
2026-03-19T19:51:45.975738,0.9,33.8,64,931346432,766709760,87935875,156692994
2026-03-19T19:51:50.984900,0.7,33.8,64,931346432,766726144,87936383,156697109
2026-03-19T19:51:54.973949,1.3,33.8,64,931346432,766742528,87936981,156699539
2026-03-19T19:51:59.981826,1.1,33.8,64,931346432,766775296,87944785,156707343
2026-03-19T19:52:04.986664,10.4,33.8,64,931346432,766935040,87948095,156710505
2026-03-19T19:52:09.996672,0.5,33.8,64,931346432,767004672,87948603,156711265
2026-03-19T19:52:15.003785,1.0,33.8,64,931346432,767021056,87949111,156711773
2026-03-19T19:52:20.009554,1.1,33.8,64,931346432,767037440,87949619,156712460
2026-03-19T19:52:25.021054,0.8,33.8,64,931346432,767053824,87950275,156716101
2026-03-19T19:52:29.044462,1.1,33.8,64,931346432,767078400,87951063,156720807
2026-03-19T19:52:34.049696,1.1,33.8,64,931346432,767217664,87951571,156723588
2026-03-19T19:52:39.053289,0.9,33.8,64,931346432,767283200,87952079,156724096
2026-03-19T19:52:44.058046,0.7,33.8,64,931346432,767303680,87952587,156724856
2026-03-19T19:52:49.066990,0.9,33.8,64,931346432,767320064,87953095,156725364
2026-03-19T19:52:54.074764,1.2,33.8,64,931346432,767336448,87953603,156725872
2026-03-19T19:52:58.064935,0.9,33.8,64,931346432,767356928,87958046,156732364
2026-03-19T19:53:03.083191,7.8,34.7,67,931346432,767438848,87967344,156741662
2026-03-19T19:53:08.095216,3.2,33.8,64,931346432,767561728,87968531,156742849
2026-03-19T19:53:13.102631,0.9,33.8,64,931346432,767578112,87969039,156743357
2026-03-19T19:53:18.106213,1.0,33.8,64,931346432,767598592,87969547,156743865
2026-03-19T19:53:23.117467,0.9,33.8,64,931346432,767614976,87970055,156744373
2026-03-19T19:53:28.128833,1.0,33.8,64,931346432,767631360,87970563,156744881
2026-03-19T19:53:33.140695,0.8,33.8,64,931346432,767766528,87971161,156745814
2026-03-19T19:53:38.154534,1.1,33.8,64,931346432,767836160,87971711,156750483
2026-03-19T19:53:43.161594,1.3,33.8,64,931346432,767852544,87972219,156753282
2026-03-19T19:53:48.166036,0.8,33.8,64,931346432,767868928,87972727,156756184
2026-03-19T19:53:53.171045,1.2,33.8,64,931346432,767889408,87973235,156760239
2026-03-19T19:53:58.174265,1.3,33.8,64,931346432,767905792,87973743,156763499
2026-03-19T19:54:02.236585,5.9,34.6,67,931346432,768348160,87984273,156774213
2026-03-19T19:54:07.240071,5.4,33.8,64,931346432,768520192,87985901,156775841
2026-03-19T19:54:12.246809,1.1,33.8,64,931346432,768659456,87986409,156776349
2026-03-19T19:54:17.250537,1.3,33.9,64,931346432,768675840,87986917,156776857
2026-03-19T19:54:22.254513,0.7,33.9,64,931346432,768692224,87987425,156777365
2026-03-19T19:54:27.258993,1.2,33.9,64,931346432,768729088,87987933,156777873
2026-03-19T19:54:32.263339,1.3,33.9,64,931346432,768729088,87988441,156778381
2026-03-19T19:54:36.541182,0.7,33.9,64,931346432,776253440,87989039,156778979
2026-03-19T19:54:41.545134,1.1,33.9,64,931346432,776306688,87989589,156779529
2026-03-19T19:54:46.551662,1.2,33.9,64,931346432,776376320,87990097,156780037
2026-03-19T19:54:51.563635,0.6,33.9,64,931346432,776392704,87990605,156780545
2026-03-19T19:54:56.571726,1.2,33.9,64,931346432,776409088,87991113,156781053
2026-03-19T19:55:01.577620,4.1,34.3,67,931346432,776429568,87998432,156788372
2026-03-19T19:55:05.559377,7.8,33.8,64,931346432,777105408,88001684,156791624
2026-03-19T19:55:10.563893,0.7,33.8,64,931346432,777129984,88002234,156792174
2026-03-19T19:55:15.569050,1.2,33.8,64,931346432,777146368,88002742,156792682
2026-03-19T19:55:20.580510,1.3,33.8,64,931346432,777293824,88003250,156793190
2026-03-19T19:55:25.586120,0.8,33.8,64,931346432,777310208,88003758,156793698
2026-03-19T19:55:30.595439,1.1,33.9,64,931346432,784871424,88004266,156794206
2026-03-19T19:55:35.599157,1.2,33.8,64,931346432,784912384,88004774,156794714
2026-03-19T19:55:39.714549,0.8,33.9,64,931346432,785039360,88005372,156795312
2026-03-19T19:55:44.719240,1.2,33.9,64,931346432,785072128,88005922,156795862
2026-03-19T19:55:49.723679,1.0,33.9,64,931346432,785088512,88006430,156797218
2026-03-19T19:55:54.729787,1.2,33.9,64,931346432,785141760,88006938,156797726
2026-03-19T19:55:59.734151,1.0,33.9,64,931346432,785158144,88015032,156805820
2026-03-19T19:56:04.740685,9.9,33.8,64,931346432,785305600,88018194,156808982
2026-03-19T19:56:08.932188,1.0,33.8,64,931346432,785498112,88018792,156809580
2026-03-19T19:56:13.937248,0.6,33.9,64,931346432,785543168,88019342,156810130
2026-03-19T19:56:18.941384,1.1,33.9,64,931346432,785559552,88019850,156810638
2026-03-19T19:56:23.950698,1.1,33.9,64,931346432,785575936,88020358,156811146
2026-03-19T19:56:28.954343,0.8,33.9,64,931346432,785661952,88020866,156811654
2026-03-19T19:56:33.958229,1.0,33.9,64,931346432,785682432,88021374,156812162
2026-03-19T19:56:38.966322,1.0,33.9,64,931346432,785735680,88021972,156812670
2026-03-19T19:56:43.137095,1.1,33.9,64,931346432,785784832,88022480,156813268
2026-03-19T19:56:48.144761,0.7,33.9,64,931346432,785801216,88023030,156813997
2026-03-19T19:56:53.151293,1.1,33.9,64,931346432,785817600,88023538,156814863
2026-03-19T19:56:58.156805,1.1,33.9,64,931346432,785833984,88024046,156815371
2026-03-19T19:57:03.160465,10.4,33.8,64,931346432,786010112,88034924,156826249
2026-03-19T19:57:08.165428,1.0,33.8,64,931346432,786141184,88035432,156826757
2026-03-19T19:57:12.300489,1.1,33.8,64,931346432,786178048,88036030,156827355
2026-03-19T19:57:17.304269,0.9,33.8,64,931346432,786198528,88036580,156827905
2026-03-19T19:57:22.316228,1.1,33.8,64,931346432,786214912,88037088,156828413
2026-03-19T19:57:27.327753,1.4,33.8,64,931346432,786243584,88037596,156829339
2026-03-19T19:57:32.332965,1.1,33.8,64,931346432,786264064,88038104,156835070
2026-03-19T19:57:37.355161,0.7,33.8,64,931346432,786333696,88038612,156836682
2026-03-19T19:57:41.436292,1.2,33.8,64,931346432,786403328,88039210,156839112
2026-03-19T19:57:46.442102,1.1,33.8,64,931346432,786436096,88039760,156839662
2026-03-19T19:57:51.447990,0.9,33.8,64,931346432,786456576,88044047,156846063
2026-03-19T19:57:56.468605,1.4,33.8,64,931346432,786497536,88044597,156846865
2026-03-19T19:58:01.475063,3.0,33.9,67,931346432,786513920,88053545,156855813
2026-03-19T19:58:06.479834,8.7,33.8,64,931346432,786681856,88056707,156858975
2026-03-19T19:58:11.487973,1.0,33.8,64,931346432,786849792,88057215,156859483
2026-03-19T19:58:15.621363,1.0,33.8,64,931346432,786882560,88057813,156860081
2026-03-19T19:58:20.627356,0.9,33.8,64,931346432,786898944,88058321,156860589
2026-03-19T19:58:25.667888,1.0,33.8,64,931346432,786931712,88058829,156861097
2026-03-19T19:58:30.672965,1.2,33.8,64,931346432,786948096,88059337,156861605
2026-03-19T19:58:35.676665,1.3,33.8,64,931346432,786972672,88059845,156862113
2026-03-19T19:58:40.680609,0.9,33.8,64,931346432,787030016,88060353,156862621
2026-03-19T19:58:44.803316,1.0,33.8,64,931346432,787087360,88060951,156863219
2026-03-19T19:58:49.813488,1.0,33.8,64,931346432,787103744,88061543,156863811
2026-03-19T19:58:54.821883,0.6,33.8,64,931346432,787120128,88062051,156864319
2026-03-19T19:58:59.828034,1.1,33.8,64,931346432,787156992,88069715,156871983
2026-03-19T19:59:04.835237,10.4,33.8,64,931346432,787324928,88072877,156875145
2026-03-19T19:59:09.839262,0.6,33.8,64,931346432,787382272,88073385,156875653
2026-03-19T19:59:14.848386,1.1,33.8,64,931346432,787501056,88073893,156876161
2026-03-19T19:59:18.957329,0.9,33.8,64,931346432,787587072,88074491,156876759
2026-03-19T19:59:23.962803,1.1,33.8,64,931346432,787615744,88074999,156877267
2026-03-19T19:59:28.976235,0.7,33.8,64,931346432,787632128,88075507,156878199
2026-03-19T19:59:33.980967,1.1,33.8,64,931346432,787656704,88076015,156879131
2026-03-19T19:59:38.989433,0.9,33.8,64,931346432,787673088,88076523,156879639
2026-03-19T19:59:43.995868,0.7,33.8,64,931346432,787734528,88077031,156880147
2026-03-19T19:59:48.137612,1.5,33.8,64,931346432,787771392,88077629,156880745
2026-03-19T19:59:53.145890,1.2,33.8,64,931346432,787804160,88078221,156881337
2026-03-19T19:59:58.150431,0.7,33.8,64,931346432,787820544,88078729,156881845
2026-03-19T20:00:03.156067,6.4,34.6,67,931346432,787861504,88090654,156893770
2026-03-19T20:00:08.160627,5.9,33.8,64,931346432,788033536,88092240,156895356
2026-03-19T20:00:13.165782,1.1,33.8,64,931346432,788049920,88092748,156895864
2026-03-19T20:00:18.171334,0.7,33.8,64,931346432,788168704,88093256,156896372
2026-03-19T20:00:22.296195,1.3,33.8,64,931346432,788262912,88093854,156896970
2026-03-19T20:00:27.306239,1.0,33.8,64,931346432,788291584,88094362,156897478
2026-03-19T20:00:32.319865,0.7,33.8,64,931346432,788320256,88094870,156897986
2026-03-19T20:00:37.326253,1.1,33.8,64,931346432,788353024,88095526,156898494
2026-03-19T20:00:42.335868,1.1,33.8,64,931346432,788373504,88096076,156899044
2026-03-19T20:00:47.342821,0.7,33.8,64,931346432,788443136,88096584,156899552
2026-03-19T20:00:51.472339,1.2,33.8,64,931346432,788475904,88097182,156900150
2026-03-19T20:00:56.486129,1.0,33.8,64,931346432,788549632,88097732,156900700
2026-03-19T20:01:01.490070,6.4,34.7,67,931346432,788566016,88107569,156910537
2026-03-19T20:01:06.494780,4.5,33.8,64,931346432,788733952,88110731,156913699
2026-03-19T20:01:11.505038,1.1,33.8,64,931346432,788795392,88111239,156914207
2026-03-19T20:01:16.511454,1.2,33.8,64,931346432,788905984,88111747,156914715
2026-03-19T20:01:20.630454,0.6,33.8,64,931346432,788934656,88112345,156915313
2026-03-19T20:01:25.643239,1.0,33.8,64,931346432,788967424,88112853,156915821
2026-03-19T20:01:30.659923,1.3,33.8,64,931346432,789041152,88113361,156917177
2026-03-19T20:01:35.670424,0.7,33.8,64,931346432,789057536,88113869,156917685
2026-03-19T20:01:40.676296,1.3,33.8,64,931346432,789073920,88114377,156918193
2026-03-19T20:01:45.685413,1.2,33.8,64,931346432,789094400,88114885,156918701
2026-03-19T20:01:50.689925,1.1,33.9,64,931346432,789110784,88115393,156919209
2026-03-19T20:01:54.754024,0.6,33.9,64,931346432,789176320,88115991,156919807
2026-03-19T20:01:59.758069,1.3,33.9,64,931346432,789204992,88124082,156927898
2026-03-19T20:02:04.864650,10.9,33.9,64,931346432,789352448,88127244,156931060
2026-03-19T20:02:09.868405,0.7,33.9,64,931346432,789413888,88127752,156931903
2026-03-19T20:02:14.886868,1.3,33.9,64,931346432,789430272,88128260,156934446
2026-03-19T20:02:19.892044,1.0,33.9,64,931346432,789463040,88128768,156939329
2026-03-19T20:02:24.011367,0.7,33.9,64,931346432,789479424,88129366,156941759
2026-03-19T20:02:29.018293,1.0,33.9,64,931346432,789635072,88129874,156942267
2026-03-19T20:02:34.022795,1.1,33.9,64,931346432,789659648,88130382,156942775
2026-03-19T20:02:39.040258,1.0,33.9,64,931346432,789676032,88130890,156947485
2026-03-19T20:02:44.045747,1.2,33.9,64,931346432,789741568,88135112,156955992
2026-03-19T20:02:49.051001,0.9,33.9,64,931346432,789757952,88135662,156958374
2026-03-19T20:02:54.055836,1.1,33.9,64,931346432,789794816,88136170,156958882
2026-03-19T20:02:57.989301,0.8,33.9,64,931346432,789823488,88136768,156959480
2026-03-19T20:03:02.994731,7.4,34.6,67,931346432,789839872,88147392,156970104
2026-03-19T20:03:07.999639,8.5,33.8,64,931346432,790011904,88149245,156971957
2026-03-19T20:03:13.015632,0.7,33.8,64,931346432,790069248,88149753,156972465
2026-03-19T20:03:18.021760,1.2,33.8,64,931346432,790155264,88150261,156972973
2026-03-19T20:03:23.030351,1.0,33.9,64,931346432,790171648,88150769,156973481
2026-03-19T20:03:26.929118,0.6,33.8,64,931346432,790192128,88151367,156974079
2026-03-19T20:03:31.935051,1.0,33.8,64,931346432,790331392,88151959,156974671
2026-03-19T20:03:36.939931,1.1,33.8,64,931346432,790355968,88152467,156975179
2026-03-19T20:03:41.944513,1.3,33.9,64,931346432,790372352,88152975,156975687
2026-03-19T20:03:46.951948,0.7,33.9,64,931346432,790388736,88153483,156976195
2026-03-19T20:03:51.963074,1.2,33.9,64,931346432,790421504,88153991,156976703
2026-03-19T20:03:56.969247,0.9,33.8,64,931346432,790437888,88154499,156977211
2026-03-19T20:04:01.131461,0.8,33.8,64,931346432,790470656,88163779,156986491
2026-03-19T20:04:06.150374,11.1,33.9,64,931346432,790634496,88166983,156989695
2026-03-19T20:04:11.165179,1.4,33.9,64,931346432,790700032,88167491,156990203
2026-03-19T20:04:16.168782,0.6,33.9,64,931346432,790728704,88167999,156990711
2026-03-19T20:04:21.192933,1.0,33.9,64,931346432,790745088,88168507,156991219
2026-03-19T20:04:26.200238,1.1,33.9,64,931346432,790814720,88169015,156991727
2026-03-19T20:04:30.244177,1.0,33.9,65,931346432,790949888,88169613,156992325
2026-03-19T20:04:35.251319,0.9,33.8,64,931346432,791027712,88170205,156992917
2026-03-19T20:04:40.261110,1.2,33.8,64,931346432,791044096,88170713,156994273
2026-03-19T20:04:45.268524,1.1,33.9,64,931346432,791060480,88171221,156994781
2026-03-19T20:04:50.303065,0.7,33.9,64,931346432,791076864,88171729,156995289
2026-03-19T20:04:55.465969,1.3,33.8,64,931346432,791093248,88172356,156995916
2026-03-19T20:04:59.493145,4.3,34.2,67,931346432,791605248,88182814,157006374
2026-03-19T20:05:04.499429,7.9,33.8,64,931346432,791830528,88186018,157009578
2026-03-19T20:05:09.505111,1.3,33.8,64,931346432,799444992,88186526,157010086
2026-03-19T20:05:14.511796,1.3,33.7,64,931346432,799469568,88187034,157010594
2026-03-19T20:05:19.516565,1.1,33.7,64,931346432,799498240,88187542,157011102
2026-03-19T20:05:24.541374,0.9,33.7,64,931346432,799514624,88188050,157011610
2026-03-19T20:05:29.567051,1.2,33.7,64,931346432,799531008,88188558,157012118
2026-03-19T20:05:33.655199,1.2,33.7,64,931346432,799776768,88189156,157012716
2026-03-19T20:05:38.663456,0.6,33.7,64,931346432,799825920,88189748,157013308
2026-03-19T20:05:43.668496,1.1,33.7,64,931346432,799846400,88190256,157013816
2026-03-19T20:05:48.672405,1.1,33.7,64,931346432,799862784,88190764,157014324
2026-03-19T20:05:53.696405,0.5,33.7,64,931346432,799879168,88191272,157014832
2026-03-19T20:05:58.710437,1.3,33.6,64,931346432,799895552,88191780,157017898
2026-03-19T20:06:02.782402,10.8,33.6,64,931346432,800038912,88204557,157034779
2026-03-19T20:06:07.786599,1.1,33.6,64,931346432,800169984,88205247,157037200
2026-03-19T20:06:12.800560,1.0,33.6,64,931346432,800198656,88205755,157037892
2026-03-19T20:06:17.827957,1.0,33.6,64,931346432,800219136,88206263,157038652
2026-03-19T20:06:22.832510,1.3,33.7,64,931346432,800235520,88206771,157039160
2026-03-19T20:06:27.852402,0.8,33.6,64,931346432,800251904,88207279,157039668
2026-03-19T20:06:32.866955,1.2,33.6,64,931346432,800354304,88207787,157041842
2026-03-19T20:06:36.942786,1.1,33.7,64,931346432,800387072,88208459,157047151
2026-03-19T20:06:41.948316,1.1,33.7,64,931346432,800432128,88267904,157119402
2026-03-19T20:06:46.955393,1.3,33.6,64,931346432,800448512,88275211,157131290
2026-03-19T20:06:51.959794,1.2,33.7,64,931346432,800468992,88275827,157131906
2026-03-19T20:06:56.977750,0.7,33.6,64,931346432,800485376,88276335,157132414
2026-03-19T20:07:01.987955,7.2,34.5,67,931346432,800530432,88336327,157196906
2026-03-19T20:07:06.039304,4.9,33.6,64,931346432,800698368,88339687,157200266
2026-03-19T20:07:11.044673,1.0,33.6,64,931346432,800731136,88340195,157200774
2026-03-19T20:07:16.053664,0.7,33.6,64,931346432,800796672,88340703,157201282
2026-03-19T20:07:21.063273,1.0,33.6,64,931346432,800813056,88341211,157201790
2026-03-19T20:07:26.072017,1.3,33.6,64,931346432,800849920,88341719,157202298
2026-03-19T20:07:31.080834,0.7,33.6,64,931346432,800866304,88342227,157202806
2026-03-19T20:07:36.089262,1.3,33.6,64,931346432,801013760,88346449,157209141
2026-03-19T20:07:39.908462,0.9,33.6,64,931346432,801046528,88347089,157209781
2026-03-19T20:07:44.916864,0.6,33.6,64,931346432,801062912,88347597,157210289
2026-03-19T20:07:49.924290,1.0,33.6,64,931346432,801128448,88348105,157210797
2026-03-19T20:07:54.929291,1.0,33.6,64,931346432,801144832,88348613,157211305
2026-03-19T20:07:59.933757,1.2,33.6,67,931346432,801165312,88358685,157221377
2026-03-19T20:08:04.939553,10.0,33.6,64,931346432,801398784,88361847,157224539
2026-03-19T20:08:08.895402,1.1,33.6,64,931346432,801464320,88362445,157225137
2026-03-19T20:08:13.903946,1.1,33.6,64,931346432,801497088,88362995,157225687
2026-03-19T20:08:18.909662,0.7,33.6,64,931346432,801513472,88363503,157226195
2026-03-19T20:08:23.915078,1.2,33.6,64,931346432,801583104,88364011,157226703
2026-03-19T20:08:28.922192,1.0,33.5,64,931346432,801599488,88364519,157227211
2026-03-19T20:08:33.927974,0.7,33.6,64,931346432,801673216,88365027,157228355
2026-03-19T20:08:38.935502,1.1,33.6,64,931346432,801689600,88365535,157229075
2026-03-19T20:08:43.940554,1.3,33.6,64,931346432,801710080,88366133,157229583
2026-03-19T20:08:48.943932,1.2,33.6,64,931346432,801726464,88366641,157233045
2026-03-19T20:08:53.947984,0.7,33.6,64,931346432,801742848,88367149,157237344
2026-03-19T20:08:57.558189,1.1,33.6,64,931346432,801771520,88367747,157239774
2026-03-19T20:09:02.563708,4.9,34.1,67,931346432,801787904,88379293,157251572
2026-03-19T20:09:07.569909,6.5,33.5,64,931346432,801959936,88380879,157253158
2026-03-19T20:09:12.576469,1.0,33.6,64,931346432,801976320,88381387,157253666
2026-03-19T20:09:17.581241,1.1,33.6,64,931346432,801992704,88381895,157254174
2026-03-19T20:09:22.586002,0.7,33.6,64,931346432,802009088,88382403,157254682
2026-03-19T20:09:26.676878,1.2,33.6,64,931346432,802144256,88383001,157255280
2026-03-19T20:09:31.681677,1.0,33.6,64,931346432,802213888,88383509,157255788
2026-03-19T20:09:36.685464,1.1,33.6,64,931346432,802238464,88384017,157256296
2026-03-19T20:09:41.690378,0.7,33.6,64,931346432,802258944,88384525,157256804
2026-03-19T20:09:46.695066,1.3,33.5,64,931346432,802275328,88385033,157257312
2026-03-19T20:09:51.699605,1.0,33.6,64,931346432,802291712,88385541,157257820
2026-03-19T20:09:55.680143,0.6,33.6,64,931346432,802308096,88386139,157258418
2026-03-19T20:10:00.685004,1.2,33.5,64,931346432,802390016,88393924,157266203
2026-03-19T20:10:05.688963,9.5,33.5,64,931346432,802500608,88397086,157269365
2026-03-19T20:10:10.692784,0.7,33.5,64,931346432,802562048,88397594,157270208
2026-03-19T20:10:15.696371,1.0,33.5,64,931346432,802582528,88398102,157274835
2026-03-19T20:10:20.700800,1.0,33.5,64,931346432,802598912,88398610,157277634
2026-03-19T20:10:25.705955,1.0,33.5,64,931346432,802615296,88399118,157279974
2026-03-19T20:10:29.659583,0.6,33.5,64,931346432,802725888,88399716,157280572
2026-03-19T20:10:34.665128,0.8,33.5,64,931346432,802783232,88400224,157281080
2026-03-19T20:10:39.670474,1.2,33.5,64,931346432,802889728,88400732,157281840
2026-03-19T20:10:44.675364,0.8,33.5,64,931346432,802906112,88401240,157282348
2026-03-19T20:10:49.680540,1.0,33.5,64,931346432,802926592,88401748,157282856
2026-03-19T20:10:54.685622,0.9,33.5,64,931346432,802942976,88402256,157283364
2026-03-19T20:10:58.684227,0.7,33.5,64,931346432,802959360,88402854,157283962
2026-03-19T20:11:03.688587,8.4,34.4,67,931346432,803074048,88414201,157295309
2026-03-19T20:11:08.694623,2.5,33.5,64,931346432,803160064,88415116,157296224
2026-03-19T20:11:13.705362,1.0,33.5,64,931346432,803254272,88415624,157296732
2026-03-19T20:11:18.781404,0.6,33.5,64,931346432,803270656,88416132,157297240
2026-03-19T20:11:23.815021,0.9,33.6,64,931346432,803295232,88416640,157297748
2026-03-19T20:11:28.829532,1.0,33.6,64,931346432,803323904,88417148,157298256
2026-03-19T20:11:32.862022,0.7,33.6,64,931346432,803450880,88417746,157298854
2026-03-19T20:11:37.885765,1.1,33.6,64,931346432,803495936,88418254,157299362
2026-03-19T20:11:42.898434,0.9,33.6,64,931346432,803512320,88418762,157299870
2026-03-19T20:11:47.905099,0.9,33.6,64,931346432,803569664,88419270,157300378
2026-03-19T20:11:52.912186,0.8,33.6,64,931346432,803586048,88419778,157300886
2026-03-19T20:11:57.918880,0.9,33.6,64,931346432,803606528,88420286,157301394
2026-03-19T20:12:01.913183,9.6,34.5,67,931346432,803835904,88430086,157311992
2026-03-19T20:12:06.920709,1.4,33.5,64,931346432,803913728,88430818,157312724
2026-03-19T20:12:11.925976,1.1,33.5,64,931346432,803938304,88431326,157313444
2026-03-19T20:12:16.932800,1.0,33.6,64,931346432,803954688,88431834,157314588
2026-03-19T20:12:21.939284,0.8,33.6,64,931346432,804032512,88432462,157315216
2026-03-19T20:12:26.945502,1.2,33.6,64,931346432,804048896,88436629,157321446
2026-03-19T20:12:31.951562,1.0,33.6,64,931346432,804126720,88437137,157321954
2026-03-19T20:12:35.884420,0.9,33.6,64,931346432,804143104,88437735,157322552
2026-03-19T20:12:40.891384,0.6,33.6,64,931346432,804175872,88438243,157323060
2026-03-19T20:12:45.896565,1.0,33.6,64,931346432,804192256,88438751,157323568
2026-03-19T20:12:50.903083,1.0,33.6,64,931346432,804208640,88439259,157324076
2026-03-19T20:12:55.908535,0.5,33.6,64,931346432,804245504,88439767,157324584
2026-03-19T20:13:00.915677,4.7,34.2,67,931346432,804274176,88448408,157333225
2026-03-19T20:13:04.678788,7.7,33.6,64,931346432,804929536,88451660,157336477
2026-03-19T20:13:09.682950,0.6,33.6,64,931346432,804970496,88452252,157337069
2026-03-19T20:13:14.687437,1.1,33.6,64,931346432,804986880,88452760,157337577
2026-03-19T20:13:19.691277,1.0,33.6,64,931346432,805003264,88453268,157338085
2026-03-19T20:13:24.696053,1.3,33.6,64,931346432,805019648,88453776,157338593
2026-03-19T20:13:29.701515,0.7,33.6,64,931346432,805175296,88454284,157339101
2026-03-19T20:13:34.717923,0.8,33.6,64,931346432,812670976,88454792,157339609
2026-03-19T20:13:38.675306,1.0,33.6,64,931346432,812728320,88455390,157340207
2026-03-19T20:13:43.679210,0.8,33.6,64,931346432,812744704,88455898,157340715
2026-03-19T20:13:48.690730,1.2,33.6,64,931346432,812761088,88456406,157343126
2026-03-19T20:13:53.698499,1.2,33.6,64,931346432,812777472,88456914,157348393
2026-03-19T20:13:58.705062,0.9,33.6,64,931346432,812806144,88457422,157350632
2026-03-19T20:14:03.710522,7.4,34.4,67,931346432,812904448,88466668,157360062
2026-03-19T20:14:08.721127,5.2,33.6,64,931346432,813264896,88468344,157361648
2026-03-19T20:14:13.724774,0.8,33.6,64,931346432,813293568,88468894,157362198
2026-03-19T20:14:18.731661,0.8,33.6,64,931346432,813309952,88469402,157362958
2026-03-19T20:14:23.737418,1.5,33.6,64,931346432,813330432,88470000,157363466
2026-03-19T20:14:28.747198,1.2,33.6,64,931346432,813346816,88470508,157363974
2026-03-19T20:14:33.764942,0.6,33.6,64,931346432,813367296,88471016,157364482
2026-03-19T20:14:38.769761,1.2,33.6,64,931346432,813445120,88471524,157364990
2026-03-19T20:14:41.822732,1.2,33.6,64,931346432,813477888,88472122,157365588
2026-03-19T20:14:46.825785,0.6,33.6,64,931346432,813498368,88472672,157366138
2026-03-19T20:14:51.830470,1.0,33.6,64,931346432,813584384,88473180,157366646
2026-03-19T20:14:56.871102,1.2,33.6,64,931346432,813584384,88473688,157367154
2026-03-19T20:15:01.875554,4.4,34.0,67,931346432,813613056,88483640,157377106
2026-03-19T20:15:06.883144,10.9,33.6,64,931346432,813768704,88485226,157378692
2026-03-19T20:15:11.900441,1.1,33.6,64,931346432,814026752,88485972,157379200
2026-03-19T20:15:16.016130,1.0,33.6,67,931346432,814067712,88486677,157379995
2026-03-19T20:15:21.021326,0.7,33.6,64,931346432,814084096,88487185,157382486
2026-03-19T20:15:26.035034,1.3,33.6,64,931346432,814100480,88487693,157387121
2026-03-19T20:15:31.044390,1.1,33.6,64,931346432,814116864,88488201,157388816
2026-03-19T20:15:36.048285,0.8,33.6,64,931346432,814137344,88488709,157391156
2026-03-19T20:15:41.052372,1.0,33.7,64,931346432,814153728,88489217,157391664
2026-03-19T20:15:45.301771,1.0,33.6,64,931346432,814206976,88489815,157392262
2026-03-19T20:15:50.310843,0.7,33.6,64,931346432,814264320,88490365,157393064
2026-03-19T20:15:55.326705,1.0,33.6,64,931346432,814292992,88490873,157393572
2026-03-19T20:16:00.337193,3.7,33.8,67,931346432,814309376,88498354,157401053
2026-03-19T20:16:05.343703,8.3,33.7,64,931346432,814456832,88501785,157404484
2026-03-19T20:16:10.350573,1.3,33.6,64,931346432,814518272,88502293,157404992
2026-03-19T20:16:14.433742,1.2,33.6,64,931346432,814534656,88502891,157405590
2026-03-19T20:16:19.438461,1.2,33.7,64,931346432,814657536,88503441,157406140
2026-03-19T20:16:24.468186,0.5,33.7,64,931346432,814768128,88503949,157406648
2026-03-19T20:16:29.471888,1.0,33.6,64,931346432,814784512,88504457,157407156
2026-03-19T20:16:34.475793,1.1,33.7,64,931346432,814804992,88504965,157407664
2026-03-19T20:16:39.482961,0.7,33.7,64,931346432,814821376,88505473,157408172
2026-03-19T20:16:44.503480,0.9,33.6,64,931346432,814837760,88505981,157408680
2026-03-19T20:16:48.491678,0.9,33.6,64,931346432,814854144,88506579,157409278
2026-03-19T20:16:53.498218,0.6,33.6,64,931346432,814886912,88507129,157409828
2026-03-19T20:16:58.509362,1.0,33.6,64,931346432,814936064,88507637,157410336
2026-03-19T20:17:03.537662,8.5,34.5,67,931346432,815001600,88519424,157422123
2026-03-19T20:17:08.544186,3.1,33.7,64,931346432,815124480,88520469,157423168
2026-03-19T20:17:13.548375,0.8,33.7,64,931346432,815149056,88520977,157423676
2026-03-19T20:17:17.489540,1.3,33.7,64,931346432,815165440,88525289,157430105
2026-03-19T20:17:22.616168,1.1,33.7,64,931346432,815337472,88525797,157431037
2026-03-19T20:17:27.627313,0.6,33.7,64,931346432,815439872,88526305,157431969
2026-03-19T20:17:32.630730,0.9,33.7,64,931346432,815456256,88526813,157432477
2026-03-19T20:17:37.638422,1.1,33.7,64,931346432,815472640,88527321,157432985
2026-03-19T20:17:42.641787,0.6,33.7,64,931346432,815509504,88527829,157433493
2026-03-19T20:17:47.647199,1.0,33.7,64,931346432,815534080,88528337,157434001
2026-03-19T20:17:51.700534,1.0,33.6,64,931346432,815640576,88528935,157434599
2026-03-19T20:17:56.704433,1.1,33.7,64,931346432,815669248,88529527,157435191
2026-03-19T20:18:01.714312,3.4,33.9,67,931346432,815685632,88539245,157444909
2026-03-19T20:18:06.719195,7.8,33.6,64,931346432,815833088,88542407,157448071
2026-03-19T20:18:11.731485,1.2,33.6,64,931346432,815894528,88542915,157448579
2026-03-19T20:18:16.737636,0.6,33.6,64,931346432,815910912,88543423,157449087
2026-03-19T20:18:20.756900,1.6,33.6,64,931346432,815927296,88544021,157450020
2026-03-19T20:18:25.768715,1.3,33.6,64,931346432,816021504,88544529,157455751
2026-03-19T20:18:30.774524,0.5,33.6,64,931346432,816037888,88545037,157457446
2026-03-19T20:18:35.782700,1.0,33.6,64,931346432,816152576,88545545,157459786
2026-03-19T20:18:40.787697,0.9,33.6,64,931346432,816168960,88546053,157460294
2026-03-19T20:18:45.791164,0.9,33.6,64,931346432,816185344,88546561,157460802
2026-03-19T20:18:50.795786,1.1,33.7,64,931346432,816214016,88547069,157461562
2026-03-19T20:18:54.808886,1.2,33.6,64,931346432,816246784,88547709,157462202
2026-03-19T20:18:59.814341,0.9,33.7,65,931346432,816287744,88556446,157470939
2026-03-19T20:19:04.820719,10.4,33.6,64,931346432,816427008,88559608,157474101
2026-03-19T20:19:09.824505,1.0,33.6,64,931346432,816488448,88560116,157474609
2026-03-19T20:19:14.830431,1.2,33.6,64,931346432,816504832,88560624,157475117
2026-03-19T20:19:19.834462,0.7,33.6,64,931346432,816623616,88561132,157475625
2026-03-19T20:19:23.886542,1.0,33.6,64,931346432,816648192,88561730,157476223
2026-03-19T20:19:28.889983,1.1,33.7,64,931346432,816680960,88562238,157476731
2026-03-19T20:19:34.042397,0.6,33.6,64,931346432,816762880,88562746,157477239
2026-03-19T20:19:39.054034,0.9,33.6,64,931346432,816828416,88563254,157477747
2026-03-19T20:19:44.057512,1.0,33.6,64,931346432,816906240,88563762,157478255
2026-03-19T20:19:49.062167,1.0,33.6,64,931346432,816934912,88564270,157478763
2026-03-19T20:19:53.138970,0.8,33.6,64,931346432,816963584,88564868,157479361
2026-03-19T20:19:58.154997,0.9,33.6,64,931346432,816988160,88565460,157479953
2026-03-19T20:20:03.177781,7.3,34.5,67,931346432,817065984,88576870,157491363
2026-03-19T20:20:08.182162,4.0,33.6,64,931346432,817147904,88578595,157493088
2026-03-19T20:20:13.285913,1.1,33.5,64,931346432,817418240,88579103,157493596
2026-03-19T20:20:18.314050,1.0,33.5,64,931346432,817434624,88579611,157494104
2026-03-19T20:20:23.343979,0.7,33.5,64,931346432,817434624,88580119,157495036
2026-03-19T20:20:27.399857,1.0,33.5,64,931346432,817483776,88580717,157496058
2026-03-19T20:20:32.404301,1.1,33.5,64,931346432,817487872,88581225,157496566
2026-03-19T20:20:37.420123,0.9,33.5,64,931346432,817504256,88581733,157497074
2026-03-19T20:20:42.431862,0.6,33.5,64,931346432,817520640,88582241,157497582
2026-03-19T20:20:47.435411,1.5,33.6,64,931346432,817590272,88582749,157500832
2026-03-19T20:20:52.441001,1.0,33.6,64,931346432,817606656,88583257,157505260
2026-03-19T20:20:57.445374,0.7,33.6,64,931346432,817680384,88583855,157507683
2026-03-19T20:21:02.450044,7.5,34.2,67,931346432,817704960,88592559,157517189
2026-03-19T20:21:07.454820,7.5,33.6,64,931346432,817852416,88595721,157525982
2026-03-19T20:21:11.010148,1.1,33.6,64,931346432,817913856,88596467,157530752
2026-03-19T20:21:16.025399,0.9,33.6,64,931346432,817946624,88597017,157533134
2026-03-19T20:21:21.029301,1.3,33.6,64,931346432,818024448,88597525,157533642
2026-03-19T20:21:26.035781,0.7,33.6,64,931346432,818040832,88598033,157534150
2026-03-19T20:21:31.040056,1.0,33.7,64,931346432,818163712,88598541,157534658
2026-03-19T20:21:36.043679,1.2,33.6,64,931346432,818188288,88599345,157535418
2026-03-19T20:21:41.047804,0.9,33.7,64,931346432,818204672,88599853,157535926
2026-03-19T20:21:45.193896,1.2,33.6,64,931346432,818233344,88600451,157536524
2026-03-19T20:21:50.204831,1.0,33.7,64,931346432,818266112,88601001,157537074
2026-03-19T20:21:55.210114,0.7,33.6,64,931346432,818311168,88601509,157537582
2026-03-19T20:22:00.216394,0.9,33.6,64,931346432,818327552,88611667,157547740
2026-03-19T20:22:05.227194,9.9,33.6,64,931346432,818450432,88618609,157556731
2026-03-19T20:22:10.230271,1.0,33.6,64,931346432,818618368,88619159,157557281
2026-03-19T20:22:14.305817,0.6,33.6,64,931346432,818642944,88619757,157557879
2026-03-19T20:22:19.309578,1.0,33.6,64,931346432,818675712,88620265,157558387
2026-03-19T20:22:24.318273,1.3,33.6,64,931346432,818692096,88620773,157558895
2026-03-19T20:22:29.327667,0.7,33.6,64,931346432,818765824,88621281,157559403
2026-03-19T20:22:34.333596,0.9,33.6,64,931346432,818786304,88621789,157559911
2026-03-19T20:22:39.340657,1.0,33.6,64,931346432,818802688,88622297,157560419
2026-03-19T20:22:44.344161,0.7,33.6,64,931346432,818892800,88622805,157560927
2026-03-19T20:22:48.412071,0.9,33.6,64,931346432,818925568,88623403,157561525
2026-03-19T20:22:53.418127,1.0,33.7,64,931346432,818958336,88623995,157562117
2026-03-19T20:22:58.422859,1.1,33.7,64,931346432,818974720,88624503,157562625
2026-03-19T20:23:03.428703,7.1,34.5,67,931346432,819019776,88635320,157573442
2026-03-19T20:23:08.432561,3.8,33.6,64,931346432,819179520,88636507,157575477
2026-03-19T20:23:13.437844,1.1,33.6,64,931346432,819220480,88637015,157575985
2026-03-19T20:23:18.444130,0.6,33.7,64,931346432,819236864,88637613,157576493
2026-03-19T20:23:23.449041,0.9,33.6,64,931346432,819351552,88638121,157577001
2026-03-19T20:23:28.453937,1.0,33.6,64,931346432,819367936,88638629,157577509
2026-03-19T20:23:31.994575,0.7,33.6,64,931346432,819384320,88639227,157578107
2026-03-19T20:23:36.999879,1.0,33.6,64,931346432,819425280,88639735,157578615
2026-03-19T20:23:42.004158,0.9,33.6,64,931346432,819490816,88640243,157579123
2026-03-19T20:23:47.008029,0.9,33.6,64,931346432,819507200,88640751,157579631
2026-03-19T20:23:52.013886,0.8,33.6,64,931346432,819523584,88641259,157580139
2026-03-19T20:23:57.018106,1.1,33.6,64,931346432,819539968,88641767,157580647
2026-03-19T20:24:02.023703,8.2,34.5,67,931346432,819580928,88651057,157589937
2026-03-19T20:24:06.156242,3.6,33.7,64,931346432,819834880,88654040,157593836
2026-03-19T20:24:11.160858,1.2,33.7,64,931346432,819896320,88654632,157594428
2026-03-19T20:24:16.174449,1.4,33.7,64,931346432,819978240,88655140,157594936
2026-03-19T20:24:21.190659,0.8,33.7,64,931346432,819994624,88655648,157596326
2026-03-19T20:24:26.195171,3.9,33.7,64,931346432,820011008,88656156,157601593
2026-03-19T20:24:31.202191,0.8,33.7,64,931346432,820027392,88656664,157604669
2026-03-19T20:24:35.273212,0.9,33.8,64,931346432,820203520,88657262,157605635
2026-03-19T20:24:40.279950,0.8,33.8,64,931346432,820232192,88657770,157606143
2026-03-19T20:24:45.285220,0.9,33.8,64,931346432,820252672,88658278,157606903
2026-03-19T20:24:50.292349,0.7,33.8,64,931346432,820285440,88658786,157607411
2026-03-19T20:24:55.296365,1.0,33.7,64,931346432,820301824,88659294,157607919
2026-03-19T20:25:00.300047,1.0,33.7,64,931346432,820318208,88666700,157615325
2026-03-19T20:25:04.376186,9.0,33.7,64,931346432,820494336,88669952,157618577
2026-03-19T20:25:09.380486,0.7,33.7,64,931346432,820703232,88670544,157619169
2026-03-19T20:25:14.383664,1.2,33.7,64,931346432,820719616,88671052,157619677
2026-03-19T20:25:19.387645,0.9,33.7,64,931346432,820740096,88671560,157620185
2026-03-19T20:25:24.391188,0.5,33.7,64,931346432,820817920,88672068,157621609
2026-03-19T20:25:29.399558,0.8,33.8,64,931346432,820834304,88672576,157622117
2026-03-19T20:25:34.405462,1.1,33.7,64,931346432,820867072,88673084,157622625
2026-03-19T20:25:38.510978,1.0,33.7,64,931346432,820899840,88673682,157623223
2026-03-19T20:25:43.518821,0.7,33.7,64,931346432,820916224,88674190,157623731
2026-03-19T20:25:48.524376,1.0,33.7,64,931346432,820932608,88674698,157624239
2026-03-19T20:25:53.529073,1.2,33.7,64,931346432,820953088,88675206,157624747
2026-03-19T20:25:58.532393,0.6,33.8,64,931346432,820985856,88675714,157625255
2026-03-19T20:26:03.536058,7.1,34.6,67,931346432,821063680,88684626,157634167
2026-03-19T20:26:07.592802,3.3,33.7,64,931346432,821338112,88685903,157635444
2026-03-19T20:26:12.596169,0.7,33.7,64,931346432,821354496,88686495,157638594
2026-03-19T20:26:17.600322,0.9,33.7,64,931346432,821370880,88687003,157643289
2026-03-19T20:26:22.604540,0.9,33.7,64,931346432,821370880,88687511,157643797
2026-03-19T20:26:27.610591,1.0,33.7,64,931346432,821391360,88688019,157646137
2026-03-19T20:26:32.617079,0.7,33.7,64,931346432,821469184,88688527,157646645
2026-03-19T20:26:37.622038,0.9,33.7,64,931346432,821501952,88689035,157647405
2026-03-19T20:26:41.634080,0.9,33.8,64,931346432,821583872,88689633,157648003
2026-03-19T20:26:46.642804,0.5,33.8,64,931346432,821620736,88690141,157648511
2026-03-19T20:26:51.649674,0.7,33.7,64,931346432,821637120,88690649,157649019
2026-03-19T20:26:56.652929,1.2,33.8,64,931346432,821653504,88695471,157655839
2026-03-19T20:27:01.661095,3.0,33.9,67,931346432,821673984,88702291,157662755
2026-03-19T20:27:06.668413,6.4,33.7,64,931346432,821846016,88705453,157665917
2026-03-19T20:27:10.706148,1.1,33.7,64,931346432,822009856,88706051,157666515
2026-03-19T20:27:15.710303,0.9,33.7,64,931346432,822046720,88706559,157667023
2026-03-19T20:27:20.714100,0.6,33.7,64,931346432,822063104,88707067,157667531
2026-03-19T20:27:25.720513,0.8,33.7,64,931346432,822079488,88707575,157668039
2026-03-19T20:27:30.725134,0.9,33.7,64,931346432,822095872,88708083,157668547
2026-03-19T20:27:35.728638,1.1,33.7,64,931346432,822132736,88708591,157669055
2026-03-19T20:27:40.735513,0.7,33.7,64,931346432,822202368,88709099,157669563
2026-03-19T20:27:44.585218,1.0,33.8,64,931346432,822288384,88709697,157670161
2026-03-19T20:27:49.589060,1.2,33.8,64,931346432,822321152,88710247,157670711
2026-03-19T20:27:54.595339,0.6,33.7,64,931346432,822337536,88710755,157671219
2026-03-19T20:27:59.599454,1.6,33.7,64,931346432,822353920,88718211,157679368
2026-03-19T20:28:04.604266,10.3,34.7,67,931346432,822452224,88721103,157688460
2026-03-19T20:28:09.613314,2.6,33.7,64,931346432,822538240,88721881,157690783
2026-03-19T20:28:13.697551,1.2,33.7,64,931346432,822611968,88722479,157693392
2026-03-19T20:28:18.703065,1.2,33.7,64,931346432,822644736,88723029,157694194
2026-03-19T20:28:23.710206,0.7,33.7,64,931346432,822661120,88723537,157694702
2026-03-19T20:28:28.719018,1.2,33.7,64,931346432,822677504,88724045,157695210
2026-03-19T20:28:33.727894,1.1,33.7,64,931346432,822833152,88724553,157695718
2026-03-19T20:28:38.738831,0.8,33.7,64,931346432,822874112,88725061,157696226
2026-03-19T20:28:43.749782,1.1,33.7,64,931346432,822898688,88725569,157696734
2026-03-19T20:28:47.805946,1.1,33.7,64,931346432,822992896,88726167,157697332
2026-03-19T20:28:52.818120,0.7,33.7,64,931346432,823009280,88726717,157697882
2026-03-19T20:28:57.827657,1.2,33.7,64,931346432,823025664,88727225,157698390
2026-03-19T20:29:02.833323,7.0,34.6,67,931346432,823042048,88739545,157710710
2026-03-19T20:29:07.840427,4.6,33.7,64,931346432,823209984,88741131,157712296
2026-03-19T20:29:12.846681,1.3,33.7,64,931346432,823250944,88741639,157712804
2026-03-19T20:29:16.884137,1.2,33.7,64,931346432,823377920,88742237,157713402
2026-03-19T20:29:21.889819,1.3,33.7,64,931346432,823463936,88742829,157713994
2026-03-19T20:29:26.912072,0.6,33.8,64,931346432,823562240,88743337,157714502
2026-03-19T20:29:31.930134,1.1,33.7,64,931346432,823590912,88743845,157715010
2026-03-19T20:29:36.940882,1.1,33.7,64,931346432,823611392,88744353,157715518
2026-03-19T20:29:41.947793,0.8,33.7,64,931346432,823627776,88745009,157716026
2026-03-19T20:29:45.818658,1.2,33.8,64,931346432,823713792,88745607,157716624
2026-03-19T20:29:50.824729,1.2,33.7,64,931346432,823750656,88746157,157717174
2026-03-19T20:29:55.841719,0.8,33.8,64,931346432,823787520,88746665,157717682
2026-03-19T20:30:00.861660,1.3,33.7,64,931346432,823803904,88756252,157727481
2026-03-19T20:30:05.869052,11.6,33.8,64,931346432,823967744,88759414,157731279
2026-03-19T20:30:10.877430,0.8,33.7,64,931346432,824139776,88759922,157731787
2026-03-19T20:30:15.885594,1.1,33.8,64,931346432,824156160,88760430,157732295
2026-03-19T20:30:19.770106,1.1,33.8,64,931346432,824188928,88761028,157732893
2026-03-19T20:30:24.783647,1.0,33.8,67,931346432,824217600,88761620,157733485
2026-03-19T20:30:29.794811,1.1,33.8,64,931346432,824233984,88762128,157733993
2026-03-19T20:30:34.798837,1.3,33.8,64,931346432,824250368,88762636,157734501
2026-03-19T20:30:39.805658,1.3,33.8,64,931346432,824266752,88763144,157735009
2026-03-19T20:30:44.812812,0.7,33.7,64,931346432,824303616,88763652,157735517
2026-03-19T20:30:48.839585,1.3,33.8,64,931346432,824373248,88764250,157736115
2026-03-19T20:30:53.844727,1.2,33.7,64,931346432,824410112,88764800,157736665
2026-03-19T20:30:58.851890,0.8,33.7,64,931346432,824426496,88765308,157737173
2026-03-19T20:31:03.857115,9.4,34.7,67,931346432,824492032,88777727,157749592
2026-03-19T20:31:08.862557,3.4,33.7,64,931346432,824610816,88778772,157750637
2026-03-19T20:31:13.869406,0.8,33.7,64,931346432,824651776,88779280,157751145
2026-03-19T20:31:18.877884,1.3,33.7,64,931346432,824729600,88779788,157751653
2026-03-19T20:31:22.863369,1.4,33.7,64,931346432,824868864,88780386,157752251
2026-03-19T20:31:27.869880,0.8,33.7,64,931346432,824930304,88780978,157752843
2026-03-19T20:31:32.877408,1.3,33.7,64,931346432,824954880,88781486,157753351
2026-03-19T20:31:37.883326,1.1,33.7,64,931346432,824971264,88781994,157753859
2026-03-19T20:31:42.892388,0.7,33.7,64,931346432,824991744,88782502,157754367
2026-03-19T20:31:47.897072,1.2,33.7,64,931346432,825012224,88786789,157760770
2026-03-19T20:31:51.881259,1.2,33.7,64,931346432,825036800,88787387,157761368
2026-03-19T20:31:56.885588,0.9,33.7,64,931346432,825069568,88787895,157761876
2026-03-19T20:32:01.892585,2.3,33.8,67,931346432,825085952,88799960,157774365
2026-03-19T20:32:06.900815,13.5,33.6,64,931346432,825233408,88801815,157776644
2026-03-19T20:32:11.907895,0.7,33.6,64,931346432,825294848,88802323,157777152
2026-03-19T20:32:16.921039,1.1,33.6,64,931346432,825311232,88802831,157777660
2026-03-19T20:32:21.927847,1.4,33.6,64,931346432,825327616,88803339,157778168
2026-03-19T20:32:25.912497,1.1,33.7,64,931346432,825536512,88803937,157778766
2026-03-19T20:32:30.928992,1.0,33.7,64,931346432,825581568,88804529,157779358
2026-03-19T20:32:35.935135,1.3,33.7,64,931346432,825606144,88805037,157779866
2026-03-19T20:32:40.940769,1.1,33.7,64,931346432,825638912,88805545,157780374
2026-03-19T20:32:45.949969,0.8,33.7,64,931346432,825655296,88806053,157780882
2026-03-19T20:32:50.955437,1.2,33.7,64,931346432,825671680,88806561,157781390
2026-03-19T20:32:54.909244,1.3,33.7,64,931346432,825688064,88807159,157781988
2026-03-19T20:32:59.917523,0.9,33.7,64,931346432,825769984,88818669,157793498
2026-03-19T20:33:04.926660,11.4,33.7,64,931346432,825929728,88821831,157796660
2026-03-19T20:33:09.934452,1.1,33.7,64,931346432,825991168,88822339,157797168
2026-03-19T20:33:14.944305,0.9,33.6,64,931346432,826007552,88822847,157797676
2026-03-19T20:33:19.948301,1.2,33.6,64,931346432,826023936,88823355,157798184
2026-03-19T20:33:24.955394,1.6,33.6,64,931346432,826052608,88823863,157799110
2026-03-19T20:33:28.865584,0.9,33.6,64,931346432,826208256,88824503,157804890
2026-03-19T20:33:33.874765,1.3,33.6,64,931346432,826314752,88825172,157806746
2026-03-19T20:33:38.878615,1.2,33.6,64,931346432,826331136,88825680,157809086
2026-03-19T20:33:43.882733,0.8,33.7,64,931346432,826347520,88826258,157809594
2026-03-19T20:33:48.888252,1.2,33.7,64,931346432,826363904,88826766,157810354
2026-03-19T20:33:53.893459,1.1,33.7,64,931346432,826380288,88827274,157810862
2026-03-19T20:33:57.867647,0.7,33.7,64,931346432,826396672,88827872,157811460
2026-03-19T20:34:02.872631,7.1,34.6,67,931346432,826425344,88839891,157823479
2026-03-19T20:34:07.880364,5.3,33.7,64,931346432,826638336,88841477,157825065
2026-03-19T20:34:12.887322,0.9,33.7,64,931346432,826667008,88841985,157825573
2026-03-19T20:34:17.893559,1.1,33.7,64,931346432,826826752,88842493,157826081
2026-03-19T20:34:22.900290,1.0,33.7,64,931346432,826855424,88843001,157826589
2026-03-19T20:34:26.807944,0.9,33.7,65,931346432,826937344,88843599,157827187
2026-03-19T20:34:31.815943,1.2,33.7,64,931346432,826970112,88844191,157827779
2026-03-19T20:34:36.822591,1.1,33.7,64,931346432,826994688,88844699,157828287
2026-03-19T20:34:41.828039,1.2,33.7,64,931346432,827035648,88845207,157828795
2026-03-19T20:34:46.835852,0.8,33.7,64,931346432,827052032,88845715,157829303
2026-03-19T20:34:51.842612,1.5,33.7,64,931346432,827068416,88846223,157829811
2026-03-19T20:34:56.847177,1.1,33.7,67,931346432,827084800,88846731,157830319
2026-03-19T20:35:00.817270,0.9,33.7,64,931346432,827166720,88857654,157841242
2026-03-19T20:35:05.824458,11.4,33.6,64,931346432,827338752,88860858,157844446
2026-03-19T20:35:10.832725,1.1,33.6,64,931346432,827363328,88861366,157844954
2026-03-19T20:35:15.837786,0.6,33.6,64,931346432,827445248,88861874,157845462
2026-03-19T20:35:20.845686,1.1,33.6,64,931346432,827461632,88862382,157845970
2026-03-19T20:35:25.855946,1.2,33.6,64,931346432,827478016,88862890,157846690
2026-03-19T20:35:29.826685,0.8,33.6,64,931346432,827494400,88863488,157847924
2026-03-19T20:35:34.835000,1.3,33.6,64,931346432,827715584,88864080,157848516
2026-03-19T20:35:39.840353,1.0,33.6,64,931346432,827731968,88864588,157849024
2026-03-19T20:35:44.849345,1.1,33.6,64,931346432,827748352,88923879,157918899
2026-03-19T20:35:49.853509,1.5,33.6,64,931346432,827801600,88931294,157930710
2026-03-19T20:35:54.861876,1.2,33.7,64,931346432,827817984,88931910,157931326
2026-03-19T20:35:59.867904,0.9,33.6,64,931346432,827834368,88986215,157985631
2026-03-19T20:36:03.775592,13.0,33.6,64,931346432,828395520,88989467,157988883
2026-03-19T20:36:08.782783,1.7,33.6,64,931346432,828461056,88995673,157999336
2026-03-19T20:36:13.796086,1.0,33.6,64,931346432,828477440,88996289,157999952
2026-03-19T20:36:18.825632,1.4,33.7,64,931346432,828506112,88996797,158000460
2026-03-19T20:36:23.832484,1.5,33.7,64,931346432,828669952,88997305,158000968
2026-03-19T20:36:28.843266,1.0,33.6,64,931346432,828686336,88997813,158001476
2026-03-19T20:36:32.692619,1.7,33.7,64,931346432,836194304,88998411,158002074
2026-03-19T20:36:37.697549,1.4,33.7,64,931346432,836239360,89002783,158008498
2026-03-19T20:36:42.702894,0.8,33.7,64,931346432,836255744,89003291,158009006
2026-03-19T20:36:47.711803,1.6,33.7,64,931346432,836272128,89003799,158009849
2026-03-19T20:36:52.719000,1.0,33.6,64,931346432,836288512,89004307,158015580
2026-03-19T20:36:57.726184,1.2,33.6,64,931346432,836341760,89004815,158017275
2026-03-19T20:37:02.738665,10.3,34.5,67,931346432,836419584,89017537,158031829
2026-03-19T20:37:06.690354,8.7,33.6,64,931346432,836554752,89019623,158033915
2026-03-19T20:37:11.696374,1.3,33.7,64,931346432,836595712,89020173,158034717
2026-03-19T20:37:16.700300,1.1,33.6,64,931346432,836624384,89020681,158035225
2026-03-19T20:37:21.704883,0.8,33.7,64,931346432,836640768,89021189,158035733
2026-03-19T20:37:26.715788,1.8,33.7,64,931346432,836657152,89021697,158036871
2026-03-19T20:37:31.724071,1.6,33.7,64,931346432,836837376,89022205,158042390
2026-03-19T20:37:35.687992,0.8,33.7,64,931346432,836857856,89022803,158045236
2026-03-19T20:37:40.699787,1.5,33.6,64,931346432,836890624,89023395,158046516
2026-03-19T20:37:45.712430,1.2,33.6,64,931346432,836907008,89023903,158047024
2026-03-19T20:37:50.723184,0.7,33.7,64,931346432,836923392,89024411,158047784
2026-03-19T20:37:55.732076,1.5,33.7,64,931346432,836939776,89024919,158048292
2026-03-19T20:38:00.739644,2.0,33.7,67,931346432,836956160,89036673,158060046
2026-03-19T20:38:05.751655,15.0,34.6,67,931346432,837152768,89039929,158063212
2026-03-19T20:38:09.696490,3.5,33.7,64,931346432,837275648,89040974,158064347
2026-03-19T20:38:14.704159,1.6,33.6,64,931346432,837304320,89041482,158064855
2026-03-19T20:38:19.712064,1.1,33.6,64,931346432,837320704,89041990,158065363
2026-03-19T20:38:24.719580,1.8,33.7,64,931346432,837337088,89042498,158065871
2026-03-19T20:38:29.723485,1.5,33.7,67,931346432,837353472,89043006,158066379
2026-03-19T20:38:34.731064,1.2,33.7,64,931346432,837373952,89043514,158066887
2026-03-19T20:38:38.668192,1.3,33.7,64,931346432,837513216,89044112,158067485
2026-03-19T20:38:43.673784,0.8,33.7,67,931346432,837550080,89044704,158068077
2026-03-19T20:38:48.682791,1.0,33.7,64,931346432,837566464,89045212,158068585
2026-03-19T20:38:53.694043,1.2,33.7,64,931346432,837582848,89045720,158069093
2026-03-19T20:38:58.699127,1.1,33.7,64,931346432,837599232,89046228,158069601
2026-03-19T20:39:03.706042,11.3,34.6,67,931346432,837722112,89059099,158082472
2026-03-19T20:39:07.515470,3.0,33.7,64,931346432,838365184,89059967,158083340
2026-03-19T20:39:12.530307,1.2,33.7,67,931346432,838369280,89060475,158083848
2026-03-19T20:39:17.536530,1.2,33.7,64,931346432,838524928,89060983,158084356
2026-03-19T20:39:22.553797,1.3,33.7,64,931346432,838541312,89061491,158084864
2026-03-19T20:39:27.563769,0.8,33.7,64,931346432,838557696,89061999,158085796
2026-03-19T20:39:32.583446,1.3,33.7,64,931346432,838574080,89062507,158086728
2026-03-19T20:39:37.589809,1.2,33.7,64,931346432,838598656,89063015,158087236
2026-03-19T20:39:41.394633,0.8,33.8,64,931346432,846094336,89063613,158087834
2026-03-19T20:39:46.417480,1.2,33.8,64,931346432,846135296,89064205,158088426
2026-03-19T20:39:51.440636,1.3,33.8,64,931346432,846176256,89064713,158088934
2026-03-19T20:39:56.460766,1.1,33.8,64,931346432,846192640,89065221,158089442
2026-03-19T20:40:01.486138,1.2,33.8,64,931346432,846209024,89076144,158100365
2026-03-19T20:40:06.489714,11.1,33.7,64,931346432,846331904,89079306,158103527
2026-03-19T20:40:10.426227,0.8,33.7,64,931346432,846393344,89079904,158104125
2026-03-19T20:40:15.435037,1.2,33.7,64,931346432,846630912,89080412,158104633
2026-03-19T20:40:20.442163,1.1,33.7,64,931346432,846667776,89080920,158105141
2026-03-19T20:40:25.447566,0.7,33.7,64,931346432,846745600,89081428,158105649
2026-03-19T20:40:30.453541,1.4,33.8,64,931346432,846761984,89081936,158106157
2026-03-19T20:40:35.461813,1.2,33.8,64,931346432,846786560,89082444,158106665
2026-03-19T20:40:40.466070,0.8,33.8,64,931346432,846802944,89082952,158107173
2026-03-19T20:40:44.375150,1.1,33.8,64,931346432,846819328,89083550,158107771
2026-03-19T20:40:49.401470,1.4,33.8,64,931346432,846848000,89084142,158108363
2026-03-19T20:40:54.405725,0.7,33.8,64,931346432,846868480,89084650,158108871
2026-03-19T20:40:59.413848,1.4,33.8,64,931346432,846901248,89092754,158118958
2026-03-19T20:41:04.420493,10.3,34.6,67,931346432,846966784,89098792,158128019
2026-03-19T20:41:09.428772,3.0,33.8,64,931346432,847085568,89099707,158131225
2026-03-19T20:41:13.330245,1.3,33.8,64,931346432,847142912,89100305,158133655
2026-03-19T20:41:18.344226,1.1,33.8,64,931346432,847253504,89100813,158134163
2026-03-19T20:41:23.359784,0.9,33.8,64,931346432,847286272,89101321,158134923
2026-03-19T20:41:28.372014,1.7,33.8,64,931346432,847310848,89105608,158141274
2026-03-19T20:41:33.376146,1.1,33.8,64,931346432,847409152,89106200,158141866
2026-03-19T20:41:38.380957,0.6,33.8,64,931346432,847437824,89106708,158142374
2026-03-19T20:41:43.389857,1.0,33.7,64,931346432,847470592,89107216,158142882
2026-03-19T20:41:47.295529,1.2,33.7,64,931346432,847527936,89107814,158143480
2026-03-19T20:41:52.312399,0.6,33.7,64,931346432,847564800,89108322,158143988
2026-03-19T20:41:57.319999,1.3,33.7,64,931346432,847581184,89108830,158144496
2026-03-19T20:42:02.324850,6.5,34.5,67,931346432,847601664,89121643,158157309
2026-03-19T20:42:07.344973,6.9,33.7,64,931346432,847806464,89123498,158159164
2026-03-19T20:42:12.362118,1.1,33.7,64,931346432,847867904,89124006,158159672
2026-03-19T20:42:16.236467,1.2,33.7,64,931346432,847962112,89124604,158160270
2026-03-19T20:42:21.240203,0.9,33.7,64,931346432,848007168,89125112,158160778
2026-03-19T20:42:26.247911,1.1,33.7,64,931346432,848023552,89125620,158161286
2026-03-19T20:42:31.254340,1.3,33.7,64,931346432,848039936,89126128,158161794
2026-03-19T20:42:36.271384,0.8,33.7,64,931346432,848068608,89126636,158162302
2026-03-19T20:42:41.288120,1.3,33.7,64,931346432,848142336,89127144,158162810
2026-03-19T20:42:45.026684,1.3,33.7,64,931346432,848191488,89127742,158163408
2026-03-19T20:42:50.033734,0.7,33.7,64,931346432,848220160,89128334,158164000
2026-03-19T20:42:55.048975,1.6,33.7,64,931346432,848236544,89128842,158164508
2026-03-19T20:43:00.054714,1.4,33.7,64,931346432,848252928,89139434,158175100
2026-03-19T20:43:05.066938,11.6,33.7,64,931346432,848388096,89142596,158179110
2026-03-19T20:43:10.073665,1.4,33.7,64,931346432,848449536,89143104,158179618
2026-03-19T20:43:15.079699,1.2,33.7,64,931346432,848515072,89143612,158180126
2026-03-19T20:43:19.009711,0.8,33.7,64,931346432,848617472,89144210,158180724
2026-03-19T20:43:24.016284,2.2,33.7,64,931346432,848662528,89144760,158181274
2026-03-19T20:43:29.026289,0.8,33.7,64,931346432,848678912,89145268,158181782
2026-03-19T20:43:34.031928,0.9,33.7,64,931346432,848703488,89145776,158182290
2026-03-19T20:43:39.047388,1.5,33.7,64,931346432,848719872,89146284,158182798
2026-03-19T20:43:44.055432,0.8,33.7,64,931346432,848740352,89146792,158183306
2026-03-19T20:43:47.913453,1.4,33.7,64,931346432,848818176,89147390,158183904
2026-03-19T20:43:52.920479,1.4,33.7,64,931346432,848846848,89147982,158184496
2026-03-19T20:43:57.926966,0.8,33.7,64,931346432,848953344,89148490,158185004
2026-03-19T20:44:02.933520,7.0,34.5,67,931346432,848982016,89161102,158197616
2026-03-19T20:44:07.960796,6.6,33.7,64,931346432,849149952,89162688,158199202
2026-03-19T20:44:12.968010,1.0,33.7,64,931346432,849166336,89163344,158199710
2026-03-19T20:44:17.980908,1.9,33.7,64,931346432,849186816,89163852,158200218
2026-03-19T20:44:21.858019,1.4,33.7,64,931346432,849354752,89164450,158200816
2026-03-19T20:44:26.870457,1.1,33.7,64,931346432,849371136,89165000,158201366
2026-03-19T20:44:31.881227,1.5,33.7,64,931346432,849412096,89165508,158201874
2026-03-19T20:44:36.886390,0.7,33.7,64,931346432,849432576,89166016,158202382
2026-03-19T20:44:41.895449,1.5,33.7,64,931346432,849448960,89166524,158202890
2026-03-19T20:44:46.900226,1.2,33.7,64,931346432,849465344,89167032,158203398
2026-03-19T20:44:50.718809,0.7,33.7,64,931346432,849489920,89167630,158203996
2026-03-19T20:44:55.725453,1.5,33.7,64,931346432,849547264,89168222,158204588
2026-03-19T20:45:00.730731,1.8,33.7,64,931346432,849563648,89178844,158215422
2026-03-19T20:45:05.742421,13.2,34.6,67,931346432,849633280,89181466,158218680
2026-03-19T20:45:10.758715,9.6,33.7,64,931346432,849776640,89183320,158220534
2026-03-19T20:45:15.775641,1.3,33.7,64,931346432,849793024,89183828,158221042
2026-03-19T20:45:20.782440,1.3,33.7,64,931346432,849809408,89184336,158221550
2026-03-19T20:45:24.601670,1.6,33.7,64,931346432,850042880,89184934,158222148
2026-03-19T20:45:29.608859,5.2,33.7,64,931346432,850157568,89231649,158270573
2026-03-19T20:45:34.627220,1.4,33.8,64,931346432,850178048,89235407,158274331
2026-03-19T20:45:39.635248,1.2,33.8,64,931346432,850194432,89239415,158278339
2026-03-19T20:45:44.640157,1.0,33.8,64,931346432,850210816,89243585,158282509
2026-03-19T20:45:49.653851,1.5,33.8,64,931346432,850227200,89247063,158285987
2026-03-19T20:45:53.524001,1.7,33.7,64,931350528,850632704,89251375,158290299
2026-03-19T20:45:58.533370,0.8,33.7,64,931350528,850694144,89255502,158294426
2026-03-19T20:46:03.538862,9.5,34.6,67,931350528,850915328,89260348,158299272
2026-03-19T20:46:08.544270,4.3,33.7,67,931350528,851058688,89266930,158305854
2026-03-19T20:46:13.549481,1.3,33.7,64,931350528,851075072,89271311,158310235
2026-03-19T20:46:18.560381,1.2,33.7,64,931350528,851091456,89275481,158314405
2026-03-19T20:46:22.415002,0.9,33.7,64,931350528,854867968,89279700,158318624
2026-03-19T20:46:27.424977,2.6,33.8,64,931350528,858644480,89296379,158335303
2026-03-19T20:46:32.434736,2.1,33.8,64,931350528,858689536,89310621,158347165
2026-03-19T20:46:37.457360,8.1,34.0,65,932534272,858836992,89348398,158384942
2026-03-19T20:46:42.492552,1.7,34.0,65,932534272,858853376,89356808,158393352
2026-03-19T20:46:47.503217,1.7,34.1,65,932534272,858869760,89450202,158486746
2026-03-19T20:46:52.510454,1.5,34.1,65,932534272,858898432,89501377,158537921
2026-03-19T20:46:56.357199,2.1,34.1,66,932534272,859037696,89507010,158543554
2026-03-19T20:47:01.366818,1.4,34.1,65,932534272,859058176,89513550,158550518
2026-03-19T20:47:06.392864,15.4,35.0,68,932534272,859107328,89517622,158555014
2026-03-19T20:47:11.399735,13.0,34.1,65,932534272,859336704,89574229,158611621
2026-03-19T20:47:16.406166,2.1,34.1,65,932534272,859377664,89625246,158662638
2026-03-19T20:47:21.412225,1.0,34.2,65,932534272,859394048,89629399,158666791
2026-03-19T20:47:25.189788,2.0,34.2,65,932534272,859410432,89644517,158684818
2026-03-19T20:47:30.208621,1.3,34.2,65,932534272,859443200,89650253,158690554
2026-03-19T20:47:35.212628,0.9,34.2,65,932534272,859570176,89655504,158695805
2026-03-19T20:47:40.225061,1.2,34.2,65,932534272,859590656,89660341,158700642
2026-03-19T20:47:45.235606,1.3,34.1,65,932534272,859676672,89664674,158704975
2026-03-19T20:47:50.249647,1.5,34.1,65,932534272,859705344,89668690,158708991
2026-03-19T20:47:55.256576,2.3,34.1,65,932534272,859721728,89672183,158715438
2026-03-19T20:47:59.008761,1.0,34.1,65,932534272,859754496,89676053,158723099
2026-03-19T20:48:04.015653,10.9,35.0,68,932534272,859820032,89681531,158730409
2026-03-19T20:48:09.025437,5.8,34.2,65,932534272,859967488,89687304,158736434
2026-03-19T20:48:14.033325,1.0,34.2,65,932534272,859987968,89691886,158741016
2026-03-19T20:48:19.038902,1.2,34.2,65,932534272,860147712,89696237,158745367
2026-03-19T20:48:24.042126,1.0,34.1,65,932534272,860164096,89700588,158749718
2026-03-19T20:48:27.852782,14.2,34.2,65,932534272,860282880,90795568,159844698
2026-03-19T20:48:32.859641,1.7,34.2,65,932534272,860332032,90803495,159852625
2026-03-19T20:48:37.864600,0.8,34.2,65,932534272,860348416,90809288,159858472
2026-03-19T20:48:42.879547,1.5,34.2,65,932534272,860364800,90814529,159863713
2026-03-19T20:48:47.889627,3.5,34.2,65,932534272,860467200,90844054,159892792
2026-03-19T20:48:52.901576,3.1,34.3,65,932534272,860622848,90863910,159912697
2026-03-19T20:48:57.909490,1.8,34.3,65,932534272,860643328,90872742,159921529
2026-03-19T20:49:01.755857,4.7,34.7,68,932534272,860717056,90879281,159928068
2026-03-19T20:49:06.762630,14.4,34.3,65,932534272,860889088,90942257,159991594
2026-03-19T20:49:11.770703,0.9,34.3,65,932534272,860954624,91127933,160177270
2026-03-19T20:49:16.774576,1.0,34.3,65,932534272,860979200,91133849,160183186
2026-03-19T20:49:21.783110,1.4,34.3,65,932534272,861011968,91143051,160194503
2026-03-19T20:49:26.790653,0.9,34.3,65,932534272,861097984,91154332,160206243
2026-03-19T20:49:30.611131,1.5,34.3,65,932534272,861114368,91158371,160210282
2026-03-19T20:49:35.623001,1.1,34.3,65,932534272,861233152,91163947,160215858
2026-03-19T20:49:40.632173,0.7,34.2,65,932534272,861249536,91167242,160219153
2026-03-19T20:49:45.637509,1.1,34.3,65,932534272,861278208,91170589,160222500
2026-03-19T20:49:50.642232,1.0,34.3,65,932534272,861294592,91174606,160226517
2026-03-19T20:49:55.647095,0.7,34.3,65,932534272,861319168,91179192,160231951
2026-03-19T20:50:00.651176,4.1,34.7,68,932534272,861380608,91182794,160235553
2026-03-19T20:50:04.467577,7.7,34.2,68,932534272,861962240,91191726,160244485
2026-03-19T20:50:09.476923,1.5,34.2,65,932534272,862027776,91197587,160250272
2026-03-19T20:50:14.487771,1.6,34.2,65,932534272,862048256,91203331,160255942
2026-03-19T20:50:19.493635,0.8,34.2,65,932534272,862064640,91342006,160394617
2026-03-19T20:50:24.500467,1.0,34.2,65,932534272,862081024,91438220,160490831
2026-03-19T20:50:29.513215,1.1,34.2,65,932534272,862105600,91442236,160494847
2026-03-19T20:50:33.328373,1.0,34.2,65,932534272,869720064,91446761,160499076
2026-03-19T20:50:38.333937,1.4,34.2,65,932534272,869769216,91454753,160508819
2026-03-19T20:50:43.338597,2.6,34.2,65,932534272,869908480,92546456,161600522
2026-03-19T20:50:48.366626,1.0,34.2,65,932534272,869937152,92551871,161605871
2026-03-19T20:50:53.380627,1.5,34.3,65,932534272,869953536,92557281,161611347
2026-03-19T20:50:58.390269,1.4,34.2,65,932534272,869969920,92607258,161661378
2026-03-19T20:51:02.145544,9.9,35.1,68,932534272,870150144,92706913,161761033
2026-03-19T20:51:07.160714,1.9,34.2,65,932534272,870334464,92722655,161776775
2026-03-19T20:51:12.181552,1.0,34.2,65,932534272,870510592,92727361,161781481
2026-03-19T20:51:17.186517,1.5,34.2,65,932534272,870535168,92734493,161790729
2026-03-19T20:51:22.192076,1.4,34.3,65,932534272,870563840,92737963,161794199
2026-03-19T20:51:27.197681,0.8,34.3,65,932534272,870580224,92741744,161797980
2026-03-19T20:51:32.202390,1.2,34.3,65,932534272,870596608,92745816,161802052
2026-03-19T20:51:35.927595,0.7,34.3,65,932534272,870629376,92749991,161806227
2026-03-19T20:51:40.935476,1.0,34.2,65,932534272,870658048,92753461,161809697
2026-03-19T20:51:45.943034,1.1,34.2,65,932534272,870674432,92757533,161813769
2026-03-19T20:51:50.951426,1.3,34.3,65,932534272,870690816,92761437,161817673
2026-03-19T20:51:55.958722,1.0,34.3,65,932534272,870727680,92764784,161821868
2026-03-19T20:52:00.976397,4.7,34.8,68,932534272,870768640,92768131,161825215
2026-03-19T20:52:04.834706,8.7,34.2,65,932534272,870940672,92775498,161832582
2026-03-19T20:52:09.839480,1.3,34.2,65,932534272,871055360,92780869,161837953
2026-03-19T20:52:14.851155,1.1,34.3,65,932534272,871133184,92784779,161841863
2026-03-19T20:52:19.859049,0.8,34.3,65,932534272,871153664,92790082,161847166
2026-03-19T20:52:24.866923,1.3,34.3,65,932534272,871174144,92794414,161851498
2026-03-19T20:52:29.872432,0.9,34.3,65,932534272,871194624,92799783,161856867
2026-03-19T20:52:34.877271,0.7,34.2,65,932534272,871215104,92803799,161860883
2026-03-19T20:52:38.700939,1.0,34.2,65,932534272,871292928,92808574,161865658
2026-03-19T20:52:43.709062,0.7,34.3,65,932534272,871333888,92812934,161870018
2026-03-19T20:52:48.720051,1.8,34.3,65,932534272,871350272,92816778,161873862
2026-03-19T20:52:53.727810,1.3,34.3,65,932534272,871374848,92821638,161878722
2026-03-19T20:52:58.735711,0.9,34.3,65,932534272,871395328,92827431,161884515
2026-03-19T20:53:03.741895,8.4,35.1,68,932534272,871542784,92833218,161890302
2026-03-19T20:53:07.535112,3.1,34.3,65,932534272,871727104,92840623,161897707
2026-03-19T20:53:12.547119,0.8,34.2,65,932534272,871833600,92845529,161902613
2026-03-19T20:53:17.556407,1.2,34.2,65,932534272,871837696,92850153,161907237
2026-03-19T20:53:22.560804,1.4,34.3,65,932534272,871858176,92855329,161912413
2026-03-19T20:53:27.605269,0.8,34.3,65,932534272,871886848,92858866,161915950
2026-03-19T20:53:32.610552,1.4,34.3,65,932534272,871895040,92864240,161921324
2026-03-19T20:53:37.614804,1.4,34.3,65,932534272,871989248,92870283,161927367
2026-03-19T20:53:41.396189,1.5,34.3,65,932534272,872099840,92874578,161931662
2026-03-19T20:53:46.400949,1.3,34.3,65,932534272,872116224,92879202,161936286
2026-03-19T20:53:51.410593,0.8,34.3,65,932534272,872132608,92883474,161940558
2026-03-19T20:53:56.427941,1.3,34.3,65,932534272,872148992,92887496,161945428
2026-03-19T20:54:01.433848,3.8,34.5,68,932534272,872165376,92891093,161949025
2026-03-19T20:54:06.439873,9.7,34.2,65,932534272,872333312,92898744,161957088
2026-03-19T20:54:10.199354,1.4,34.3,65,932534272,872378368,92903039,161961887
2026-03-19T20:54:15.204163,0.7,34.3,65,932534272,872558592,92907455,161966303
2026-03-19T20:54:20.241454,1.3,34.3,65,932534272,872595456,92911235,161970083
2026-03-19T20:54:25.263806,1.4,34.3,65,932534272,872615936,92915817,161974665
2026-03-19T20:54:30.272896,0.7,34.3,65,932534272,872636416,92920568,161979416
2026-03-19T20:54:35.277272,1.4,34.3,65,932534272,872669184,92925819,161984667
2026-03-19T20:54:40.281536,1.5,34.3,65,932534272,872747008,92929901,161988749
2026-03-19T20:54:44.108595,0.9,34.3,65,932534272,872820736,92934492,161993340
2026-03-19T20:54:49.117844,1.4,34.3,65,932534272,872861696,92938814,161997662
2026-03-19T20:54:54.123147,1.2,34.3,68,932534272,872886272,92943344,162002192
2026-03-19T20:54:59.131295,0.9,34.3,65,932534272,872902656,92947624,162006472
2026-03-19T20:55:04.136846,10.7,35.2,68,932534272,873062400,92954437,162013285
2026-03-19T20:55:09.143737,1.9,34.3,65,932534272,873295872,92958917,162017765
2026-03-19T20:55:12.902890,1.5,34.3,65,932534272,873431040,92963462,162022310
2026-03-19T20:55:17.907866,1.2,34.3,65,932534272,873508864,92967516,162026364
2026-03-19T20:55:22.912757,0.8,34.3,65,932534272,873529344,92972273,162031121
2026-03-19T20:55:27.917744,1.1,34.3,65,932534272,873553920,92977147,162035995
2026-03-19T20:55:32.925455,1.1,34.3,65,932534272,873656320,92981852,162040700
2026-03-19T20:55:37.933800,0.9,34.3,65,932534272,873672704,92986924,162045772
2026-03-19T20:55:41.717026,1.7,34.3,65,932534272,873693184,92992190,162051038
2026-03-19T20:55:46.722713,0.9,34.3,65,932534272,873766912,92996635,162055483
2026-03-19T20:55:51.750587,1.2,34.3,65,932534272,873803776,93001340,162060400
2026-03-19T20:55:56.756834,1.6,34.3,65,932534272,873820160,93005672,162065368
2026-03-19T20:56:01.773022,4.2,34.7,68,932534272,873836544,93009877,162069573
2026-03-19T20:56:06.782037,9.2,34.3,65,932534272,874004480,93020767,162082381
2026-03-19T20:56:11.787280,1.2,34.3,65,932534272,874020864,93025264,162086878
2026-03-19T20:56:15.663659,1.1,34.3,65,932534272,874053632,93029936,162091550
2026-03-19T20:56:20.683800,1.4,34.3,65,932534272,874070016,93035606,162097220
2026-03-19T20:56:25.695055,1.0,34.2,65,932534272,874139648,93039833,162101447
2026-03-19T20:56:30.705179,1.0,34.3,65,932534272,874168320,93044570,162106184
2026-03-19T20:56:35.719630,1.8,34.3,65,932534272,874319872,93049609,162111223
2026-03-19T20:56:40.732644,1.1,34.2,65,932534272,874336256,93054191,162115805
2026-03-19T20:56:44.435378,2.3,34.2,65,932534272,874352640,93057759,162119373
2026-03-19T20:56:49.446114,1.3,34.3,65,932534272,874385408,93062133,162123747
2026-03-19T20:56:54.471248,1.5,34.3,65,932534272,874401792,93065914,162127528
2026-03-19T20:56:59.493709,1.3,34.2,65,932534272,874455040,93069328,162130942
2026-03-19T20:57:04.499916,10.7,35.1,68,932534272,874602496,93076244,162137858
2026-03-19T20:57:09.505539,2.3,34.2,65,932534272,874663936,93080722,162142336
2026-03-19T20:57:14.515031,1.3,34.2,65,932534272,874680320,93085148,162146762
2026-03-19T20:57:18.245662,0.8,34.2,65,932534272,874823680,93089340,162150954
2026-03-19T20:57:23.267161,1.2,34.2,65,932534272,874840064,93137248,162198862
2026-03-19T20:57:28.271453,1.3,34.2,65,932534272,874868736,93141939,162203553
2026-03-19T20:57:33.285574,1.0,34.2,65,932534272,874946560,93146592,162208206
2026-03-19T20:57:38.301127,1.4,34.2,65,932534272,874962944,93151914,162213528
2026-03-19T20:57:43.308032,1.5,34.2,65,932534272,874979328,93156134,162217748
2026-03-19T20:57:47.088972,1.4,34.2,65,932534272,875008000,93160569,162222183
2026-03-19T20:57:52.094667,2.0,34.2,65,932534272,875032576,93164581,162226407
2026-03-19T20:57:57.102350,0.7,34.2,65,932534272,875118592,93168838,162231300
2026-03-19T20:58:02.109771,5.3,34.8,68,932534272,875134976,93173543,162236005
2026-03-19T20:58:07.117276,8.8,34.2,65,932534272,875331584,93181450,162243912
2026-03-19T20:58:12.125021,1.2,34.2,65,932534272,875347968,93185480,162247942
2026-03-19T20:58:17.132645,1.3,34.2,65,932534272,875364352,93189935,162252397
2026-03-19T20:58:20.917721,0.8,34.2,65,932534272,875397120,93194428,162256890
2026-03-19T20:58:25.924646,1.4,34.2,65,932534272,875556864,93198873,162261335
2026-03-19T20:58:30.930819,1.1,34.2,65,932534272,875585536,93203022,162265484
2026-03-19T20:58:35.934703,0.9,34.2,65,932534272,875659264,93207971,162270433
2026-03-19T20:58:40.948210,1.1,34.2,65,932534272,875749376,93212347,162274661
2026-03-19T20:58:45.952845,1.3,34.1,65,932534272,875765760,93216721,162279035
2026-03-19T20:58:49.729611,1.2,34.2,65,932534272,875790336,93221393,162283707
2026-03-19T20:58:54.741662,1.2,34.2,65,932534272,875814912,93225975,162288289
2026-03-19T20:58:59.749313,0.9,34.1,65,932534272,875831296,93230307,162292621
2026-03-19T20:59:04.756417,11.8,35.0,68,932534272,875978752,93238162,162300476
2026-03-19T20:59:09.762181,1.5,34.1,65,932534272,876040192,93242155,162304469
2026-03-19T20:59:14.774730,1.0,34.1,65,932534272,876113920,93246237,162308551
2026-03-19T20:59:19.782111,1.1,34.1,65,932534272,876232704,93250569,162312883
2026-03-19T20:59:23.491257,1.1,34.1,65,932534272,876265472,93254981,162317295
2026-03-19T20:59:28.497098,0.7,34.1,65,932534272,876281856,93259322,162321636
2026-03-19T20:59:33.502031,1.4,34.2,65,932534272,876302336,93263542,162325856
2026-03-19T20:59:38.510855,0.7,34.1,65,932534272,876318720,93268069,162330383
2026-03-19T20:59:43.517761,1.3,34.2,65,932534272,876335104,93272524,162334838
2026-03-19T20:59:48.525052,1.5,34.1,65,932534272,876376064,93276729,162339043
2026-03-19T20:59:52.313397,0.8,34.2,65,932534272,876482560,93281024,162343550
2026-03-19T20:59:57.318150,1.3,34.1,65,932534272,876523520,93284867,162348029
2026-03-19T21:00:02.326203,5.7,34.7,68,932534272,876539904,93288639,162351801
2026-03-19T21:00:07.333578,12.0,34.2,65,932534272,876707840,93297870,162361032
2026-03-19T21:00:12.340040,1.4,34.2,65,932534272,876765184,93302090,162365252
2026-03-19T21:00:17.347340,1.0,34.2,65,932534272,876781568,93305810,162368972
2026-03-19T21:00:21.194357,1.2,34.2,65,932534272,876883968,93310430,162373592
2026-03-19T21:00:26.200759,1.4,34.2,65,932534272,876916736,93315092,162378254
2026-03-19T21:00:31.206674,1.2,34.2,65,932534272,877047808,93319495,162382657
2026-03-19T21:00:36.212672,1.4,34.2,65,932534272,877080576,93324444,162387606
2026-03-19T21:00:41.217504,1.4,34.2,65,932534272,877096960,93329149,162392311
2026-03-19T21:00:46.228425,0.8,34.2,65,932534272,877113344,93333481,162396643
2026-03-19T21:00:51.236151,1.4,34.2,65,932534272,877129728,93338063,162401225
2026-03-19T21:00:54.894500,1.2,34.2,65,932534272,877195264,93346265,162411474
2026-03-19T21:00:59.905158,1.2,34.2,65,932534272,877211648,93350597,162415806
2026-03-19T21:01:04.919172,12.3,34.1,65,932534272,877379584,93358504,162423713
2026-03-19T21:01:09.954987,1.0,34.1,65,932534272,877441024,93362836,162428045
2026-03-19T21:01:14.961629,1.3,34.1,65,932534272,877457408,93367418,162432627
2026-03-19T21:01:19.968728,1.4,34.1,65,932534272,877486080,93371896,162437105
2026-03-19T21:01:23.704968,0.9,34.1,65,932534272,877621248,93376016,162441225
2026-03-19T21:01:28.711019,1.1,34.1,65,932534272,877719552,93379838,162445047
2026-03-19T21:01:33.715237,0.9,34.2,65,932534272,877744128,93384681,162449890
2026-03-19T21:01:38.725539,1.1,34.2,65,932534272,877760512,93388834,162454043
2026-03-19T21:01:43.730913,1.2,34.1,65,932534272,877776896,93393487,162458696
2026-03-19T21:01:48.735534,0.8,34.2,65,932534272,877793280,93397692,162462901
2026-03-19T21:01:53.762166,1.1,34.1,65,932534272,877809664,93402016,162467649
2026-03-19T21:01:57.399488,1.5,34.1,65,932534272,877838336,93406509,162472566
2026-03-19T21:02:02.406421,4.1,34.6,68,932534272,877867008,93410879,162476936
2026-03-19T21:02:07.412406,8.1,34.1,65,932534272,878043136,93418536,162484593
2026-03-19T21:02:12.417116,1.2,34.1,65,932534272,878059520,93422991,162489048
2026-03-19T21:02:17.429542,0.8,34.1,65,932534272,878088192,93427144,162493201
2026-03-19T21:02:22.442642,1.6,34.1,65,932534272,878104576,93431849,162497906
2026-03-19T21:02:26.212468,0.7,34.1,65,932534272,878231552,93436021,162502078
2026-03-19T21:02:31.217987,1.4,34.1,65,932534272,878276608,93440768,162506825
2026-03-19T21:02:36.224317,1.7,34.1,65,932534272,878362624,93445734,162511791
2026-03-19T21:02:41.234002,1.0,34.1,65,932534272,878379008,93449704,162515761
2026-03-19T21:02:46.240843,1.3,34.1,65,932534272,878395392,93454286,162520343
2026-03-19T21:02:51.245706,1.1,34.1,65,932534272,878411776,93458868,162524925
2026-03-19T21:02:56.306899,1.3,34.1,65,932534272,878428160,93463200,162529257
2026-03-19T21:03:00.096239,1.1,34.1,65,932534272,878456832,93467622,162533679
2026-03-19T21:03:05.145208,11.8,35.0,68,932534272,878620672,93474821,162540878
2026-03-19T21:03:10.179159,2.5,34.1,65,932534272,878739456,93479403,162545460
2026-03-19T21:03:15.190580,1.7,34.2,65,932534272,878903296,93483735,162549792
2026-03-19T21:03:20.195555,1.0,34.2,65,932534272,878931968,93487765,162553822
2026-03-19T21:03:25.215232,1.9,34.2,65,932534272,878948352,93491493,162557550
2026-03-19T21:03:28.959965,1.2,34.2,65,932534272,878964736,93495613,162561670
2026-03-19T21:03:33.971113,1.4,34.2,65,932534272,879054848,93500396,162566453
2026-03-19T21:03:38.976830,1.4,34.2,66,932534272,879104000,93504676,162570733
2026-03-19T21:03:43.982414,1.3,34.2,65,932534272,879120384,93508579,162574636
2026-03-19T21:03:48.987235,1.5,34.2,65,932534272,879169536,93513126,162579183
2026-03-19T21:03:53.992764,0.8,34.2,65,932534272,879185920,93517029,162583510
2026-03-19T21:03:58.998616,1.4,34.2,65,932534272,879202304,93521324,162588139
2026-03-19T21:04:02.700443,5.7,34.4,68,932534272,879230976,93525227,162592132
2026-03-19T21:04:07.710889,13.8,35.0,68,932534272,879321088,93532784,162599689
2026-03-19T21:04:12.720063,8.2,34.1,65,932534272,879443968,93538818,162605723
2026-03-19T21:04:17.726738,1.1,34.1,65,932534272,879460352,93542340,162609245
2026-03-19T21:04:22.739085,1.7,34.1,65,932534272,879525888,93545993,162612898
2026-03-19T21:04:27.745211,1.2,34.1,65,932534272,879542272,93550015,162616920
2026-03-19T21:04:31.342686,1.8,34.1,65,932534272,879697920,93553758,162620663
2026-03-19T21:04:36.348649,3.8,34.1,65,932534272,879722496,93664096,162743949
2026-03-19T21:04:41.357092,1.5,34.1,65,932534272,879738880,93675720,162761366
2026-03-19T21:04:46.365907,1.4,34.2,65,932534272,879759360,93680231,162765877
2026-03-19T21:04:51.371237,0.8,34.2,65,932534272,879775744,93684078,162769724
2026-03-19T21:04:56.376219,1.3,34.2,65,932534272,879812608,93688550,162774196
2026-03-19T21:05:00.102547,1.8,34.2,65,932534272,879874048,93697974,162789228
2026-03-19T21:05:05.110134,30.5,35.1,68,932534272,880205824,93706563,162797817
2026-03-19T21:05:10.118816,14.8,34.2,65,932534272,880246784,93710895,162802149
2026-03-19T21:05:15.138992,1.3,34.2,65,932534272,880263168,93715477,162806731
2026-03-19T21:05:20.147430,1.2,34.2,65,932534272,880279552,93719809,162811063
2026-03-19T21:05:25.154063,1.4,34.2,65,932534272,880295936,93723735,162814989
2026-03-19T21:05:30.162232,0.8,34.2,65,932534272,880312320,93727634,162818888
2026-03-19T21:05:33.946972,1.8,34.2,65,932534272,880345088,93732358,162823612
2026-03-19T21:05:38.957347,0.9,34.2,65,932534272,880508928,93736774,162828028
2026-03-19T21:05:43.962374,1.6,34.2,65,932534272,880529408,93745136,162838386
2026-03-19T21:05:48.973753,1.2,34.2,65,932534272,880545792,93749383,162842633
2026-03-19T21:05:53.979840,0.9,34.2,65,932534272,880562176,93753353,162847027
2026-03-19T21:05:58.990961,1.6,34.2,65,932534272,880578560,93757808,162851906
2026-03-19T21:06:02.733938,11.8,34.2,65,932534272,880754688,93765922,162860020
2026-03-19T21:06:07.743282,1.5,34.2,65,932534272,880812032,93770811,162864909
2026-03-19T21:06:12.750108,1.3,34.2,65,932534272,880889856,93775410,162869508
2026-03-19T21:06:17.754860,0.8,34.2,65,932534272,880906240,93779313,162873411
2026-03-19T21:06:22.759305,1.3,34.2,65,932534272,880922624,93783768,162877866
2026-03-19T21:06:27.766418,1.2,34.2,65,932534272,880939008,93787921,162882019
2026-03-19T21:06:32.774313,0.8,34.2,65,932534272,881098752,93792626,162886724
2026-03-19T21:06:36.478343,1.3,34.2,65,932534272,881131520,93797788,162891886
2026-03-19T21:06:41.488009,1.2,34.2,65,932534272,881147904,93802454,162896552
2026-03-19T21:06:46.510285,1.4,34.2,65,932534272,881213440,93806909,162901007
2026-03-19T21:06:51.518653,1.3,34.2,65,932534272,881229824,93811312,162905410
2026-03-19T21:06:56.525121,0.8,34.2,65,932534272,881246208,93815715,162909813
2026-03-19T21:07:01.552073,6.7,35.0,68,932534272,881287168,93820245,162914343
2026-03-19T21:07:06.558020,6.2,34.2,68,932534272,881577984,93828115,162922123
2026-03-19T21:07:11.566094,1.3,34.2,65,932534272,881594368,93832489,162926497
2026-03-19T21:07:16.571893,1.3,34.3,65,932534272,881594368,93837071,162931079
2026-03-19T21:07:21.587798,0.7,34.3,65,932534272,881745920,93841493,162935411
2026-03-19T21:07:26.600858,1.4,34.2,65,932534272,881762304,93845825,162939743
2026-03-19T21:07:31.605478,1.6,34.2,65,932534272,881778688,93850407,162944325
2026-03-19T21:07:36.615424,1.0,34.3,65,932534272,881803264,93855408,162949416
2026-03-19T21:07:41.629327,1.3,34.3,65,932534272,881836032,93859678,162953686
2026-03-19T21:07:46.633485,1.1,34.2,65,932534272,881860608,93864010,162958018
2026-03-19T21:07:51.638715,1.9,34.2,65,932534272,881885184,93868592,162962600
2026-03-19T21:07:56.642732,1.3,34.3,65,932534272,881901568,93872924,162967959
2026-03-19T21:08:01.646467,2.8,34.4,68,932534272,881922048,93877256,162972649
2026-03-19T21:08:06.650772,9.9,34.3,65,932534272,882233344,93884565,162980316
2026-03-19T21:08:10.856986,0.8,34.3,65,932534272,882388992,93889058,162984988
2026-03-19T21:08:15.861217,1.5,34.3,65,932534272,882405376,93893503,162989433
2026-03-19T21:08:20.872071,1.3,34.3,65,932534272,882520064,93897604,162993534
2026-03-19T21:08:25.880360,0.6,34.3,65,932534272,882536448,93901757,162997687
2026-03-19T21:08:30.889157,1.2,34.3,65,932534272,882552832,93906037,163001967
2026-03-19T21:08:35.893561,1.0,34.3,65,932534272,882569216,93910911,163006841
2026-03-19T21:08:40.056534,1.4,34.3,65,932534272,882585600,93914729,163010659
2026-03-19T21:08:45.067046,1.3,34.3,65,932534272,882614272,93918895,163014825
2026-03-19T21:08:50.075331,0.7,34.3,65,932534272,882647040,93922675,163018605
2026-03-19T21:08:55.082917,1.7,34.3,65,932534272,882667520,93927007,163022937
2026-03-19T21:09:00.086604,1.3,34.3,65,932534272,882683904,93931589,163027519
2026-03-19T21:09:05.090894,10.9,34.2,65,932534272,882851840,93939782,163035712
2026-03-19T21:09:10.094377,1.3,34.2,65,932534272,882913280,93944364,163040294
2026-03-19T21:09:14.126145,0.8,34.3,65,932534272,883142656,93949036,163044966
2026-03-19T21:09:19.151836,1.2,34.3,65,932534272,883183616,93953410,163049340
2026-03-19T21:09:24.157499,1.1,34.3,65,932534272,883200000,93957638,163053568
2026-03-19T21:09:29.161096,1.0,34.3,65,932534272,883216384,93961918,163057848
2026-03-19T21:09:34.167452,1.0,34.3,65,932534272,883232768,93966617,163062547
2026-03-19T21:09:39.172672,1.4,34.3,65,932534272,883249152,93971147,163067077
2026-03-19T21:09:43.389285,0.8,34.3,65,932534272,883265536,93975640,163071570
2026-03-19T21:09:48.396202,1.3,34.3,65,932534272,883335168,93980377,163076307
2026-03-19T21:09:53.401035,0.9,34.3,65,932534272,883351552,93985030,163081384
2026-03-19T21:09:58.412361,1.6,34.3,65,932534272,883367936,93989735,163086513
2026-03-19T21:10:03.417267,7.8,35.1,68,932534272,883396608,93993888,163090666
2026-03-19T21:10:08.423339,5.1,34.3,65,932534272,883564544,94001295,163098073
2026-03-19T21:10:13.427219,1.1,34.3,65,932534272,883699712,94005750,163102528
2026-03-19T21:10:17.571199,1.0,34.3,65,932534272,883847168,94010597,163107375
2026-03-19T21:10:22.589881,1.4,34.3,65,932534272,883871744,94015344,163112122
2026-03-19T21:10:27.595015,1.1,34.3,65,932534272,883888128,94020049,163116827
2026-03-19T21:10:32.616908,0.8,34.3,65,932534272,883904512,94024754,163121532
2026-03-19T21:10:37.627751,1.4,34.3,65,932534272,883920896,94033171,163131931
2026-03-19T21:10:42.632090,1.1,34.3,65,932534272,883937280,94037668,163136428
2026-03-19T21:10:46.631689,1.0,34.3,65,932534272,883961856,94042213,163140973
2026-03-19T21:10:51.637760,1.1,34.3,65,932534272,884011008,94046168,163144928
2026-03-19T21:10:56.651213,0.7,34.3,65,932534272,884039680,94050623,163149383
2026-03-19T21:11:01.656473,4.0,34.6,68,932534272,884068352,94054395,163153155
2026-03-19T21:11:06.667413,9.1,34.3,65,932534272,884232192,94062663,163161423
2026-03-19T21:11:11.673979,1.0,34.3,65,932534272,884273152,94067316,163166076
2026-03-19T21:11:15.662942,1.2,34.3,65,932534272,884420608,94071861,163170621
2026-03-19T21:11:20.670336,1.2,34.3,65,932534272,884457472,94076183,163174943
2026-03-19T21:11:25.678694,0.7,34.2,65,932534272,884477952,94080638,163179398
2026-03-19T21:11:30.685527,1.0,34.2,65,932534272,884555776,94084668,163183428
2026-03-19T21:11:35.702161,0.7,34.3,65,932534272,884584448,94089669,163188429
2026-03-19T21:11:40.705847,1.2,34.3,65,932534272,884604928,94093647,163192407
2026-03-19T21:11:45.716902,1.3,34.2,65,932534272,884625408,94098229,163196989
2026-03-19T21:11:49.647856,0.9,34.2,65,932534272,884719616,94102349,163201109
2026-03-19T21:11:54.673415,1.3,34.3,65,932534272,884736000,94106661,163206057
2026-03-19T21:11:59.682791,1.5,34.3,65,932534272,884764672,94110743,163210351
2026-03-19T21:12:04.686503,10.6,35.2,68,932534272,884830208,94116355,163215963
2026-03-19T21:12:09.696632,5.0,34.3,65,932534272,884973568,94122628,163222236
2026-03-19T21:12:14.701869,0.9,34.3,65,932534272,884989952,94126475,163226083
2026-03-19T21:12:18.651522,1.5,34.3,65,932534272,885006336,94131147,163230755
2026-03-19T21:12:23.657138,1.4,34.3,65,932534272,885096448,94134909,163234517
2026-03-19T21:12:28.663195,1.3,34.3,65,932534272,885252096,94139083,163238691
2026-03-19T21:12:33.670557,1.3,34.3,65,932534272,885288960,94143736,163243344
2026-03-19T21:12:38.676118,0.8,34.3,65,932534272,885305344,94148860,163248468
2026-03-19T21:12:43.680016,1.1,34.3,65,932534272,885321728,94152763,163252371
2026-03-19T21:12:48.684844,1.1,34.3,65,932534272,885338112,94157091,163256699
2026-03-19T21:12:52.666161,0.9,34.3,65,932534272,885366784,94161886,163261494
2026-03-19T21:12:57.672290,1.3,34.4,65,932534272,885579776,94165571,163265179
2026-03-19T21:13:02.679224,6.7,35.2,68,932534272,885612544,94170078,163269686
2026-03-19T21:13:07.684079,5.1,34.3,65,932534272,885780480,94177493,163276953
2026-03-19T21:13:12.688036,1.1,34.3,65,932534272,885968896,94182198,163281658
2026-03-19T21:13:17.693348,1.0,34.3,65,932534272,885997568,94187006,163286466
2026-03-19T21:13:21.700239,1.5,34.3,65,932534272,886018048,94191801,163291261
2026-03-19T21:13:26.703811,1.2,34.3,65,932534272,886108160,94196506,163295966
2026-03-19T21:13:31.725244,1.0,34.3,65,932534272,886149120,94200711,163300171
2026-03-19T21:13:36.739201,1.5,34.3,65,932534272,886173696,94205783,163305243
2026-03-19T21:13:41.745176,1.3,34.3,65,932534272,886198272,94210167,163309627
2026-03-19T21:13:46.755025,1.2,34.3,65,932534272,886222848,94214622,163314082
2026-03-19T21:13:51.760046,1.2,34.3,65,932534272,886247424,94219327,163318787
2026-03-19T21:13:55.775909,0.7,34.3,65,932534272,886280192,94223439,163323747
2026-03-19T21:14:00.783609,1.4,34.3,65,932534272,886398976,94228280,163328588
2026-03-19T21:14:05.790164,11.4,34.2,65,932534272,886550528,94235018,163335326
2026-03-19T21:14:10.878303,1.3,34.2,65,932534272,886718464,94239600,163339908
2026-03-19T21:14:15.882398,1.3,34.2,65,932534272,886779904,94243932,163344240
2026-03-19T21:14:20.886397,0.9,34.2,65,932534272,886804480,94248514,163348822
2026-03-19T21:14:25.148418,1.6,34.2,65,932534272,886829056,94253186,163353494
2026-03-19T21:14:30.152663,1.5,34.2,65,932534272,886939648,94257768,163358076
2026-03-19T21:14:35.163511,2.0,34.2,65,932534272,886964224,94262769,163363077
2026-03-19T21:14:40.169296,1.4,34.2,65,932534272,886988800,94266851,163367159
2026-03-19T21:14:45.173312,0.9,34.2,65,932534272,887005184,94270579,163370887
2026-03-19T21:14:50.183534,1.3,34.2,65,932534272,887042048,94274609,163374917
2026-03-19T21:14:55.190220,1.0,34.2,65,932534272,887087104,94279191,163379499
2026-03-19T21:14:59.155866,1.2,34.2,65,932534272,887214080,94283613,163383921
2026-03-19T21:15:04.160593,9.3,35.1,68,932534272,887279616,94290280,163390588
2026-03-19T21:15:09.163909,2.9,34.2,65,932534272,887402496,94295027,163395335
2026-03-19T21:15:14.171341,1.1,34.2,65,932534272,887418880,94299057,163399365
2026-03-19T21:15:19.175170,0.8,34.1,65,932534272,887435264,94303206,163403514
2026-03-19T21:15:24.183762,1.0,34.2,65,932534272,887451648,94307607,163407915
2026-03-19T21:15:28.203819,1.8,34.2,65,932534272,887468032,94316090,163418330
2026-03-19T21:15:33.215718,0.7,34.2,65,932534272,887545856,94320691,163422931
2026-03-19T21:15:38.226496,1.9,34.1,65,932534272,887779328,94325961,163428201
2026-03-19T21:15:43.231024,1.2,34.1,65,932534272,887844864,94329812,163432052
2026-03-19T21:15:48.248976,0.7,34.2,65,932534272,887861248,94334215,163436455
2026-03-19T21:15:53.253635,1.1,34.2,65,932534272,887889920,94338368,163441032
2026-03-19T21:15:57.304652,0.9,34.2,65,932534272,887906304,94342059,163445147
2026-03-19T21:16:02.311115,9.0,35.1,68,932534272,887988224,94347491,163450579
2026-03-19T21:16:07.315380,3.5,34.2,65,932534272,888107008,94353851,163456939
2026-03-19T21:16:12.329523,0.7,34.2,65,932534272,888172544,94358358,163461446
2026-03-19T21:16:17.333926,1.2,34.2,65,932534272,888193024,94361960,163465048
2026-03-19T21:16:22.338515,1.6,34.2,68,932534272,888336384,94365430,163468518
2026-03-19T21:16:27.370740,0.8,34.2,65,932534272,888352768,94369385,163472473
2026-03-19T21:16:31.502348,1.3,34.2,65,932534272,888389632,94373878,163476966
2026-03-19T21:16:36.512334,0.8,34.2,65,932534272,888406016,94378809,163481897
2026-03-19T21:16:41.517562,1.1,34.2,65,932534272,888422400,94383089,163486177
2026-03-19T21:16:46.523121,1.1,34.2,65,932534272,888455168,94387255,163490343
2026-03-19T21:16:51.530662,0.8,34.2,65,932534272,888487936,94391460,163494548
2026-03-19T21:16:56.534660,1.4,34.3,65,932534272,888504320,94396113,163499201
2026-03-19T21:17:00.596726,6.2,35.0,68,932534272,889155584,94400606,163503694
2026-03-19T21:17:05.601937,7.9,34.2,65,932534272,889323520,94408473,163511561
2026-03-19T21:17:10.613240,1.3,34.2,65,932534272,889339904,94412555,163515643
2026-03-19T21:17:15.624743,0.6,34.2,65,932534272,889356288,94416887,163519975
2026-03-19T21:17:20.629056,1.2,34.3,65,932534272,889503744,94421167,163524255
2026-03-19T21:17:25.634835,1.3,34.2,65,932534272,889524224,94425499,163528587
2026-03-19T21:17:30.639268,1.0,34.2,65,932534272,889540608,94429831,163532919
2026-03-19T21:17:34.701441,1.2,34.3,65,932534272,897077248,94434120,163537208
2026-03-19T21:17:39.709097,7.2,34.3,65,932534272,897093632,94438494,163541582
2026-03-19T21:17:44.730514,2.6,34.3,65,932534272,897110016,94444164,163547252
